corpus,ckpt,arm,seed,eval_sub,q,skew,setting,n,prior,eer,legacy_eer,auc,accuracy,balanced_accuracy,fpr,fnr,oracle_accuracy,threshold_gap,threshold,exact_one_pct,near_one_pct,largest_tie_pct,n_unique
df2021,deepfense_w2v2_aasist_s240,eta,0,0,0.3,0,available_pool,400435,0.9721902431,38.30438701,31.04552294,0.689555006,97.21902431,50,100,0,98.26089128,1.04186697,0.5,98.93266073,99.83692734,98.93266073,140
df2021,deepfense_w2v2_aasist_s240,eta,0,0,0.3,0,disjoint_eval,380435,0.9722659587,38.38053125,31.14558185,0.6885542917,97.22659587,50,100,0,98.26041242,1.033816552,0.5,98.94147489,99.84018295,98.94147489,138
df2021,deepfense_w2v2_aasist_s240,ours_bbse,0,0,0.3,0,available_pool,400435,0.9721902431,3.803145569,3.801628846,0.9933354121,98.7426174,77.65919127,44.66594828,0.01566919001,99.17065192,0.4280345125,0.5,0,51.00228502,16.02282518,1738
df2021,deepfense_w2v2_aasist_s240,ours_bbse,0,0,0.3,0,disjoint_eval,380435,0.9722659587,3.832984866,3.827445861,0.9932637295,98.74222929,77.59143939,44.80144062,0.01568059175,99.17331476,0.431085468,0.5,0,51.02737656,16.01692799,1696
df2021,deepfense_w2v2_aasist_s240,ours_bbse,1,50000,0.3,0,available_pool,50000,0.9723,3.82935469,3.84085003,0.993491639,98.92,81.48744779,36.96750903,0.05759539237,99.12,0.2,0.5,0,28.972,11.734,770
df2021,deepfense_w2v2_aasist_s240,ours_bbse,1,50000,0.3,0,disjoint_eval,30000,0.9719333333,3.570068875,3.570004133,0.9934667523,98.92333333,81.62682422,36.69833729,0.0480142671,99.13666667,0.2133333333,0.5,0,28.93666667,11.66666667,613
df2021,deepfense_w2v2_aasist_s240,ours_bbse,2,50000,0.3,0,available_pool,50000,0.9723,4.018783444,4.023100535,0.9926457976,98.65,75.87727711,48.23104693,0.01439884809,99.116,0.466,0.5,0,63.502,15.286,700
df2021,deepfense_w2v2_aasist_s240,ours_bbse,2,50000,0.3,0,disjoint_eval,30000,0.9720333333,4.126573665,4.205966146,0.9916993238,98.54,74.07113743,51.84743743,0.01028771304,99.1,0.56,0.5,0,63.36,15.4,549
df2021,deepfense_w2v2_aasist_s240,ours_fixed,0,0,0.3,0,available_pool,400435,0.9721902431,4.65971498,4.65998048,0.99178876,65.2388028,82.11786331,0.008979885057,35.75529349,98.91592893,33.67712613,0.5,0,0,0.1875460437,12001
df2021,deepfense_w2v2_aasist_s240,ours_fixed,0,0,0.3,0,disjoint_eval,380435,0.9722659587,4.657946296,4.665387703,0.9917660094,65.26765413,82.13385051,0.009477774619,35.72282121,98.91624062,33.64858649,0.5,0,0,0.1855770368,11776
df2021,deepfense_w2v2_aasist_s240,ours_fixed,1,50000,0.3,0,available_pool,50000,0.9723,4.981949458,4.975804514,0.9914179375,64.978,81.95505391,0.07220216606,36.01769001,98.906,33.928,0.5,0,0,0.208,5728
df2021,deepfense_w2v2_aasist_s240,ours_fixed,1,50000,0.3,0,disjoint_eval,30000,0.9719333333,4.988123515,4.985659261,0.9918479815,65.05333333,82.02208656,0,35.95582687,98.92,33.86666667,0.5,0,0,0.22,4766
df2021,deepfense_w2v2_aasist_s240,ours_fixed,2,50000,0.3,0,available_pool,50000,0.9723,5.054151625,5.059216098,0.9912959966,62.94,80.90702347,0.07220216606,38.1137509,98.898,35.958,0.5,0,0,0.204,5793
df2021,deepfense_w2v2_aasist_s240,ours_fixed,2,50000,0.3,0,disjoint_eval,30000,0.9720333333,5.36741042,5.409305676,0.9902892899,63.07,80.94585773,0.1191895113,37.98909502,98.81333333,35.74333333,0.5,0,0,0.1966666667,4750
df2021,deepfense_w2v2_aasist_s240,sar,0,0,0.3,0,available_pool,400435,0.9721902431,3.736668717,3.7371912,0.9944476894,98.82153158,79.32661898,41.31645115,0.03031089214,99.12420243,0.3026708455,0.5,0,0,2.506024698,3625
df2021,deepfense_w2v2_aasist_s240,sar,0,0,0.3,0,disjoint_eval,380435,0.9722659587,3.764209263,3.763422479,0.9943979122,98.82187496,79.27592258,41.41787508,0.03027976339,99.12731478,0.3054398255,0.5,0,0,2.502661427,3560
df2021,deepfense_w2v2_aasist_s240,shot,0,0,0.3,0,available_pool,400435,0.9721902431,3.991216285,3.984431299,0.9931923954,82.36942325,90.88457142,0.09877873563,18.13207843,98.89320364,16.52378039,0.5,0,0,0.6028444067,8817
df2021,deepfense_w2v2_aasist_s240,shot,0,0,0.3,0,disjoint_eval,380435,0.9722659587,3.996254678,3.994625035,0.9931753821,82.39620435,90.89638583,0.1042555208,18.10297282,98.89389777,16.49769343,0.5,0,0,0.607199653,8643
df2021,deepfense_w2v2_aasist_s240,source,0,0,0.3,0,available_pool,400435,0.9721902431,3.823875237,3.824233579,0.9942725221,99.11246519,87.0085687,25.80818966,0.1746729378,99.11296465,0.0004994568407,0.5,0,0,1.453419406,4131
df2021,deepfense_w2v2_aasist_s240,source,0,0,0.3,0,disjoint_eval,380435,0.9722659587,3.829770235,3.830524246,0.994224211,99.11128051,86.95642224,25.91223581,0.1749197046,99.11154336,0.0002628569927,0.5,0,0,1.455439168,4034
df2021,deepfense_w2v2_aasist_s240,source,1,50000,0.3,0,available_pool,50000,0.9723,3.852453646,3.846917002,0.9939446049,99.058,86.3633589,27.07581227,0.1974699167,99.084,0.026,0.5,0,0,1.482,1552
df2021,deepfense_w2v2_aasist_s240,source,1,50000,0.3,0,disjoint_eval,30000,0.9719333333,3.68804442,3.6859748,0.9942121587,99.05,86.36306427,27.0783848,0.1954866589,99.07666667,0.02666666667,0.5,0,0,1.5,1206
df2021,deepfense_w2v2_aasist_s240,source,2,50000,0.3,0,available_pool,50000,0.9723,3.852453646,3.846917002,0.9939446049,99.058,86.3633589,27.07581227,0.1974699167,99.084,0.026,0.5,0,0,1.482,1552
df2021,deepfense_w2v2_aasist_s240,source,2,50000,0.3,0,disjoint_eval,30000,0.9720333333,3.87036815,3.846266089,0.9932617523,99.02,85.48890895,28.84386174,0.1783203594,99.04333333,0.02333333333,0.5,0,0,1.533333333,1217
df2021,deepfense_w2v2_aasist_s240,tent,0,0,0.3,0,available_pool,400435,0.9721902431,25.97508375,17.57458728,0.8244754024,97.69675478,58.59798307,82.80352011,0.0005137439346,98.9359072,1.239152422,0.5,98.10481102,98.76958807,98.10481102,1871
df2021,deepfense_w2v2_aasist_s240,tent,0,0,0.3,0,disjoint_eval,380435,0.9722659587,26.08949757,17.67868415,0.8234310449,97.69816132,58.50616754,82.98739456,0.0002703550302,98.93385204,1.235690722,0.5,98.11662965,98.78139498,98.11662965,1830
df2021,deepfense_w2v2_aasist_s2,eta,0,0,0.3,0,available_pool,400435,0.9721902431,12.31104967,7.44401052,0.9288363209,98.93016345,82.70595662,34.47377874,0.1143080255,98.96437624,0.03421279359,0.5,96.64589759,97.70799256,96.64589759,1235
df2021,deepfense_w2v2_aasist_s2,eta,0,0,0.3,0,disjoint_eval,380435,0.9722659587,12.35691225,7.471075386,0.9285438228,98.93201204,82.67485527,34.53701071,0.1132787577,98.9682863,0.03627426499,0.5,96.65961334,97.71682416,96.65961334,1190
df2021,deepfense_w2v2_aasist_s2,ours_bbse,0,0,0.3,0,available_pool,400435,0.9721902431,4.05996385,4.020210939,0.9931421542,98.94764444,82.33985758,35.24604885,0.07423599855,98.97061945,0.02297501467,0.5,0,0.2472311361,26.64252625,1764
df2021,deepfense_w2v2_aasist_s2,ours_bbse,0,0,0.3,0,disjoint_eval,380435,0.9722659587,4.068393427,4.034275133,0.9930890392,98.94962346,82.32021909,35.2857549,0.07380692325,98.97301773,0.02339427235,0.5,0,0.2478741441,26.65948191,1715
df2021,deepfense_w2v2_aasist_s2,ours_bbse,1,50000,0.3,0,available_pool,50000,0.9723,4.313446909,4.346669904,0.9926106879,98.95,83.29157742,33.28519856,0.1316466111,98.954,0.004,0.5,0,0,17.06,600
df2021,deepfense_w2v2_aasist_s2,ours_bbse,1,50000,0.3,0,disjoint_eval,30000,0.9719333333,4.052801531,4.049319955,0.9933169419,98.96,83.6063863,32.66033254,0.1268948488,98.96,0,0.5,0,0,17.06,470
df2021,deepfense_w2v2_aasist_s2,ours_bbse,2,50000,0.3,0,available_pool,50000,0.9723,4.373402913,4.547132465,0.9919314915,98.894,81.15842409,37.61732852,0.06582330556,98.988,0.094,0.5,0,63.47,39.294,606
df2021,deepfense_w2v2_aasist_s2,ours_bbse,2,50000,0.3,0,disjoint_eval,30000,0.9720333333,4.670089943,4.325895457,0.9909369008,98.82,80.06105923,39.80929678,0.06858475361,98.92333333,0.1033333333,0.5,0,63.64666667,39.49666667,463
df2021,deepfense_w2v2_aasist_s2,ours_bbse_nocons,0,0,0.3,0,available_pool,400435,0.9721902431,3.980820764,3.980316031,0.9935099276,98.89994631,86.5765182,26.47270115,0.3742624564,99.00458252,0.1046362081,0.5,0,88.39686841,40.83733939,1980
df2021,deepfense_w2v2_aasist_s2,ours_bbse_nocons,0,0,0.3,0,disjoint_eval,380435,0.9722659587,3.995770499,3.998973738,0.9934748751,98.90362348,86.52737232,26.57568003,0.3695753263,99.00718914,0.1035656551,0.5,0,88.41352662,40.85034237,1927
df2021,deepfense_w2v2_aasist_s2,ours_conf,0,0,0.3,0,available_pool,400435,0.9721902431,4.300695312,4.303371409,0.9917984143,99.02106459,85.02505223,29.79525862,0.1546369243,99.02406133,0.002996741044,0.5,0,0,21.47015121,1863
df2021,deepfense_w2v2_aasist_s2,ours_conf,0,0,0.3,0,disjoint_eval,380435,0.9722659587,4.322697815,4.328167604,0.9917146767,99.02401199,84.98719262,29.8739456,0.151669172,99.02769198,0.003679997897,0.5,0,0,21.42678776,1815
df2021,deepfense_w2v2_aasist_s2,ours_fixed,0,0,0.3,0,available_pool,400435,0.9721902431,5.83701806,5.835896646,0.9846094476,62.96053042,80.88508074,0.1346982759,38.09514024,98.33755791,35.37702748,0.5,0,0,0.263213755,8170
df2021,deepfense_w2v2_aasist_s2,ours_fixed,0,0,0.3,0,disjoint_eval,380435,0.9722659587,5.842752155,5.842368347,0.9845952102,62.96134688,80.88335105,0.1421666193,38.09113127,98.3461038,35.38475692,0.5,0,0,0.2657484196,8033
df2021,deepfense_w2v2_aasist_s2,ours_fixed,0,0,0.02,0,available_pool,400435,0.9721902431,4.193654249,4.19364903,0.9929854407,98.96212869,83.88255717,32.08512931,0.1497563569,98.96862162,0.006492938929,0.5,0,0,8.905065741,1567
df2021,deepfense_w2v2_aasist_s2,ours_fixed,0,0,0.02,0,disjoint_eval,380435,0.9722659587,4.201130024,4.204199189,0.9929288497,98.96381773,83.84213919,32.16756706,0.1481545566,98.97091487,0.007097138802,0.5,0,0,8.908223481,1527
df2021,deepfense_w2v2_aasist_s2,ours_fixed,0,0,0.05,0,available_pool,400435,0.9721902431,5.964990409,5.964119123,0.9894372856,95.68394371,93.94647664,7.893318966,4.213727752,99.03579857,3.351854858,0.5,0,0,4.621723875,4165
df2021,deepfense_w2v2_aasist_s2,ours_fixed,0,0,0.05,0,disjoint_eval,380435,0.9722659587,5.979104169,5.979418284,0.9894031267,95.69650532,93.93817233,7.923419581,4.20023575,99.04030912,3.343803804,0.5,0,0,4.634431637,4100
df2021,deepfense_w2v2_aasist_s2,ours_fixed,0,0,0.1,0,available_pool,400435,0.9721902431,5.621408046,5.621525525,0.9880845343,88.14913781,92.5748109,2.738864943,12.11151326,98.84051094,10.69137313,0.5,0,0,1.873212881,5856
df2021,deepfense_w2v2_aasist_s2,ours_fixed,0,0,0.1,0,disjoint_eval,380435,0.9722659587,5.619268408,5.620778743,0.9880533847,88.15408677,92.55920313,2.776987963,12.10460577,98.8497378,10.69565103,0.5,0,0,1.874696072,5758
df2021,deepfense_w2v2_aasist_s2,ours_fixed,1,50000,0.3,0,available_pool,50000,0.9723,6.069094852,6.068590944,0.9841696138,64.926,81.858168,0.2166064982,36.06705749,98.322,33.396,0.5,0,0,0.298,4112
df2021,deepfense_w2v2_aasist_s2,ours_fixed,1,50000,0.3,0,disjoint_eval,30000,0.9719333333,6.045793671,6.046543209,0.9843669123,64.99666667,81.93526742,0.1187648456,36.01070032,98.26333333,33.26666667,0.5,0,0,0.3233333333,3471
df2021,deepfense_w2v2_aasist_s2,ours_fixed,2,50000,0.3,0,available_pool,50000,0.9723,6.27173719,6.267401238,0.984420684,62.186,80.55435565,0,38.8912887,98.272,36.086,0.5,0,0,0.272,4209
df2021,deepfense_w2v2_aasist_s2,ours_fixed,2,50000,0.3,0,disjoint_eval,30000,0.9720333333,6.67115903,6.634935251,0.9825883624,62.12333333,80.51678612,0,38.96642776,98.25,36.12666667,0.5,0,0,0.2766666667,3535
df2021,deepfense_w2v2_aasist_s2,sar,0,0,0.3,0,available_pool,400435,0.9721902431,4.47946096,4.471564061,0.9923393376,98.88271505,88.09854491,23.32076149,0.4821486826,99.05677576,0.174060709,0.5,0,0,9.555858004,2779
df2021,deepfense_w2v2_aasist_s2,sar,0,0,0.3,0,disjoint_eval,380435,0.9722659587,4.486310886,4.485575626,0.9923055876,98.88864064,88.08492853,23.35323666,0.4769062733,99.06002339,0.1713827592,0.5,0,0,9.57167453,2713
df2021,deepfense_w2v2_aasist_s2,shot,0,0,0.3,0,available_pool,400435,0.9721902431,6.347686964,6.374827159,0.9725132012,77.63856806,87.9542684,1.122485632,22.96897757,97.36012087,19.72155281,0.5,0,0,2.461073582,6973
df2021,deepfense_w2v2_aasist_s2,shot,0,0,0.3,0,disjoint_eval,380435,0.9722659587,6.345020489,6.326116158,0.9724651986,77.62771564,87.94232616,1.137332954,22.97801473,97.36170436,19.73398872,0.5,0,0,2.456135739,6878
df2021,deepfense_w2v2_aasist_s2,source,0,0,0.3,0,available_pool,400435,0.9721902431,4.513105473,4.510073589,0.9923184435,98.86573351,88.28171755,22.92564655,0.510918343,99.06701462,0.2012811068,0.5,0,0,9.824066328,2762
df2021,deepfense_w2v2_aasist_s2,source,0,0,0.3,0,disjoint_eval,380435,0.9722659587,4.515640066,4.51519485,0.9922868153,98.87313207,88.27491258,22.94569235,0.5044824864,99.07053767,0.1974056015,0.5,0,0,9.848988658,2693
df2021,deepfense_w2v2_aasist_s2,source,0,0,0.02,0,available_pool,400435,0.9721902431,4.513105473,4.510073589,0.9923184435,98.86573351,88.28171755,22.92564655,0.510918343,99.06701462,0.2012811068,0.5,0,0,9.824066328,2762
df2021,deepfense_w2v2_aasist_s2,source,0,0,0.02,0,disjoint_eval,380435,0.9722659587,4.515640066,4.51519485,0.9922868153,98.87313207,88.27491258,22.94569235,0.5044824864,99.07053767,0.1974056015,0.5,0,0,9.848988658,2693
df2021,deepfense_w2v2_aasist_s2,source,0,0,0.05,0,available_pool,400435,0.9721902431,4.513105473,4.510073589,0.9923184435,98.86573351,88.28171755,22.92564655,0.510918343,99.06701462,0.2012811068,0.5,0,0,9.824066328,2762
df2021,deepfense_w2v2_aasist_s2,source,0,0,0.05,0,disjoint_eval,380435,0.9722659587,4.515640066,4.51519485,0.9922868153,98.87313207,88.27491258,22.94569235,0.5044824864,99.07053767,0.1974056015,0.5,0,0,9.848988658,2693
df2021,deepfense_w2v2_aasist_s2,source,0,0,0.1,0,available_pool,400435,0.9721902431,4.513105473,4.510073589,0.9923184435,98.86573351,88.28171755,22.92564655,0.510918343,99.06701462,0.2012811068,0.5,0,0,9.824066328,2762
df2021,deepfense_w2v2_aasist_s2,source,0,0,0.1,0,disjoint_eval,380435,0.9722659587,4.515640066,4.51519485,0.9922868153,98.87313207,88.27491258,22.94569235,0.5044824864,99.07053767,0.1974056015,0.5,0,0,9.848988658,2693
df2021,deepfense_w2v2_aasist_s2,source,1,50000,0.3,0,available_pool,50000,0.9723,4.569598292,4.564813567,0.9918525095,98.84,88.07502847,23.32129964,0.5286434228,99.05,0.21,0.5,0,0,9.734,1068
df2021,deepfense_w2v2_aasist_s2,source,1,50000,0.3,0,disjoint_eval,30000,0.9719333333,4.400533677,4.398946749,0.9925485833,98.83333333,87.98163141,23.51543943,0.521297757,99.04333333,0.21,0.5,0,0,9.663333333,823
df2021,deepfense_w2v2_aasist_s2,source,2,50000,0.3,0,available_pool,50000,0.9723,4.569598292,4.564813567,0.9918525095,98.84,88.07502847,23.32129964,0.5286434228,99.05,0.21,0.5,0,0,9.734,1068
df2021,deepfense_w2v2_aasist_s2,source,2,50000,0.3,0,disjoint_eval,30000,0.9720333333,4.722584006,4.697227946,0.9910651192,98.77666667,86.98438561,25.50655542,0.5246733651,98.97666667,0.2,0.5,0,0,9.73,828
df2021,deepfense_w2v2_aasist_s2,tent,0,0,0.3,0,available_pool,400435,0.9721902431,4.277132618,4.06152396,0.9764756823,98.51786183,73.51356683,52.96336207,0.00950426279,99.09248692,0.5746250952,0.5,93.02158902,98.07234632,93.02158902,1247
df2021,deepfense_w2v2_aasist_s2,tent,0,0,0.3,0,disjoint_eval,380435,0.9722659587,4.275309572,4.076470581,0.9762578725,98.51774942,73.43854431,53.11344896,0.009462426058,99.0960348,0.5782853838,0.5,93.04348969,98.08035538,93.04348969,1220
df2021,deepfense_w2v2_aasist_s42,eta,0,0,0.3,0,available_pool,400435,0.9721902431,42.83661003,37.4685704,0.625314296,97.21902431,50,100,0,97.91601633,0.6969920212,0.5,99.30300798,99.67360495,99.30300798,330
df2021,deepfense_w2v2_aasist_s42,eta,0,0,0.3,0,disjoint_eval,380435,0.9722659587,42.83469686,37.46564307,0.6253435693,97.22659587,50,100,0,97.92185262,0.6952567456,0.5,99.30474325,99.67353162,99.30474325,325
df2021,deepfense_w2v2_aasist_s42,ours_bbse,0,0,0.3,0,available_pool,400435,0.9721902431,3.299214577,3.290012663,0.9957848603,98.98185723,82.54499809,34.85991379,0.05009003362,99.20586362,0.224006393,0.5,0,0,18.59377927,1904
df2021,deepfense_w2v2_aasist_s42,ours_bbse,0,0,0.3,0,disjoint_eval,380435,0.9722659587,3.286186408,3.273372085,0.9958064729,98.98248058,82.47983128,34.99194389,0.04839355041,99.20985188,0.2273712986,0.5,0,0,18.60948651,1840
df2021,deepfense_w2v2_aasist_s42,ours_bbse,1,50000,0.3,0,available_pool,50000,0.9723,3.322830966,3.270027413,0.9955010394,98.93,81.49259024,36.96750903,0.04731050087,99.206,0.276,0.5,0,0,17.236,581
df2021,deepfense_w2v2_aasist_s42,ours_bbse,1,50000,0.3,0,disjoint_eval,30000,0.9719333333,3.607898017,3.633451558,0.9955549941,98.93333333,81.68963623,36.57957245,0.04115508608,99.25,0.3166666667,0.5,0,0,17.29333333,440
df2021,deepfense_w2v2_aasist_s42,ours_bbse,2,50000,0.3,0,available_pool,50000,0.9723,3.222771975,3.226934831,0.9959670304,98.988,82.99546537,33.93501805,0.07405121876,99.218,0.23,0.5,0,0,18.034,659
df2021,deepfense_w2v2_aasist_s42,ours_bbse,2,50000,0.3,0,disjoint_eval,30000,0.9720333333,3.277041471,3.288967963,0.9954228669,98.92,81.8489019,36.23361144,0.06858475361,99.15333333,0.2333333333,0.5,0,0,18.12666667,518
df2021,deepfense_w2v2_aasist_s42,ours_fixed,0,0,0.3,0,available_pool,400435,0.9721902431,4.098762425,4.080351711,0.992179052,61.7960468,80.35160635,0,39.2967873,98.68992471,36.89387791,0.5,0,0,0.2489792351,10418
df2021,deepfense_w2v2_aasist_s42,ours_fixed,0,0,0.3,0,disjoint_eval,380435,0.9722659587,4.093466402,4.078442769,0.9921747077,61.81397611,80.36235685,0,39.27528631,98.68755504,36.87357893,0.5,0,0,0.2483998581,10234
df2021,deepfense_w2v2_aasist_s42,ours_fixed,1,50000,0.3,0,available_pool,50000,0.9723,4.222820523,4.165032037,0.9921354962,62.162,80.54201378,0,38.91597244,98.714,36.552,0.5,0,0,0.272,4970
df2021,deepfense_w2v2_aasist_s42,ours_fixed,1,50000,0.3,0,disjoint_eval,30000,0.9719333333,4.334983235,4.271607927,0.9919707869,62.15333333,80.53021469,0,38.93957062,98.73333333,36.58,0.5,0,0,0.3066666667,4100
df2021,deepfense_w2v2_aasist_s42,ours_fixed,2,50000,0.3,0,available_pool,50000,0.9723,4.249482255,4.292056017,0.9920560983,61.602,80.25403682,0,39.49192636,98.736,37.134,0.5,0,0,0.27,5049
df2021,deepfense_w2v2_aasist_s42,ours_fixed,2,50000,0.3,0,disjoint_eval,30000,0.9720333333,4.648390942,4.614926241,0.9910391853,61.9,80.40190666,0,39.19618669,98.64666667,36.74666667,0.5,0,0,0.28,4127
df2021,deepfense_w2v2_aasist_s42,sar,0,0,0.3,0,available_pool,400435,0.9721902431,4.5608144,4.56025484,0.9918730774,98.77608101,78.3524352,43.27406609,0.02106350132,99.08299724,0.3069162286,0.5,0,0,10.1015146,2049
df2021,deepfense_w2v2_aasist_s42,sar,0,0,0.3,0,disjoint_eval,380435,0.9722659587,4.543869042,4.541832495,0.9919782019,98.77692641,78.29983929,43.37977443,0.0205469823,99.08368052,0.3067541104,0.5,0,0,10.10106851,1979
df2021,deepfense_w2v2_aasist_s42,shot,0,0,0.3,0,available_pool,400435,0.9721902431,6.602480566,6.226405839,0.9730825665,73.29828811,86.26723932,0,27.46552136,97.21902431,23.9207362,0.5,0,0,1.838750359,7452
df2021,deepfense_w2v2_aasist_s42,shot,0,0,0.3,0,disjoint_eval,380435,0.9722659587,6.602647212,6.259758142,0.9731176965,73.30582097,86.27218263,0,27.45563474,97.22659587,23.9207749,0.5,0,0,1.842101805,7331
df2021,deepfense_w2v2_aasist_s42,source,0,0,0.3,0,available_pool,400435,0.9721902431,4.5608144,4.56025484,0.9918730774,98.77608101,78.3524352,43.27406609,0.02106350132,99.08299724,0.3069162286,0.5,0,0,10.1015146,2049
df2021,deepfense_w2v2_aasist_s42,source,0,0,0.3,0,disjoint_eval,380435,0.9722659587,4.543869042,4.541832495,0.9919782019,98.77692641,78.29983929,43.37977443,0.0205469823,99.08368052,0.3067541104,0.5,0,0,10.10106851,1979
df2021,deepfense_w2v2_aasist_s42,source,1,50000,0.3,0,available_pool,50000,0.9723,4.492926132,4.49363989,0.9921837795,98.786,78.43736854,43.10469314,0.02056978299,99.11,0.324,0.5,0,0,10.106,644
df2021,deepfense_w2v2_aasist_s42,source,1,50000,0.3,0,disjoint_eval,30000,0.9719333333,4.641565562,4.639462058,0.9923186948,98.79333333,78.73423346,42.51781473,0.01371836203,99.12666667,0.3333333333,0.5,0,0,10.00333333,483
df2021,deepfense_w2v2_aasist_s42,source,2,50000,0.3,0,available_pool,50000,0.9723,4.492926132,4.49363989,0.9921837795,98.786,78.43736854,43.10469314,0.02056978299,99.11,0.324,0.5,0,0,10.106,644
df2021,deepfense_w2v2_aasist_s42,source,2,50000,0.3,0,disjoint_eval,30000,0.9720333333,4.593349942,4.604638528,0.9912779853,98.69333333,77.10189688,45.76877235,0.02743390144,99.07,0.3766666667,0.5,0,0,10.17666667,493
df2021,deepfense_w2v2_aasist_s42,tent,0,0,0.3,0,available_pool,400435,0.9721902431,11.91261814,11.1830535,0.9244837944,98.61400727,75.24219471,49.50610632,0.00950426279,99.02830672,0.4142994493,0.5,0,98.17348633,87.61571791,1354
df2021,deepfense_w2v2_aasist_s42,tent,0,0,0.3,0,disjoint_eval,380435,0.9722659587,11.88168029,11.1712723,0.9245859071,98.61763508,75.23471777,49.52137238,0.009192071028,99.02742913,0.4097940515,0.5,0,98.18286961,87.60681851,1310
itw,deepfense_w2v2_aasist_s240,ours_bbse,0,0,0.3,0,available_pool,31779,0.3718178671,8.475605698,8.476126628,0.9706936929,76.97536109,81.49226988,36.12683464,0.8886255924,91.87199094,14.89662985,0.5,0,0,0.8307372793,3703
itw,deepfense_w2v2_aasist_s240,ours_bbse,0,0,0.3,0,disjoint_eval,11779,0.3732914509,8.695966773,8.701234192,0.9698847648,77.66363868,82.01409245,35.15307505,0.81874005,91.71406741,14.05042873,0.5,0,0,0.7980303931,2393
itw,deepfense_w2v2_aasist_s240,ours_fixed,0,0,0.3,0,available_pool,31779,0.3718178671,8.331019161,8.333282814,0.9713255173,88.80078039,90.24845444,15.3984872,4.104603927,92.09540892,3.294628528,0.5,0,0,0.5915856383,3036
itw,deepfense_w2v2_aasist_s240,ours_fixed,0,0,0.3,0,disjoint_eval,11779,0.3732914509,8.522519701,8.524634139,0.9704668592,89.05679599,90.45083169,15.05012192,4.048214692,91.90933016,2.852534171,0.5,0,0,0.6791748026,1936
itw,deepfense_w2v2_aasist_s240,source,0,0,0.3,0,available_pool,31779,0.3718178671,8.466981297,8.466108094,0.9693704999,68.9228736,75.12781241,49.07579021,0.6685849695,91.82478996,22.90191636,0.5,0,0,0.3870480506,5127
itw,deepfense_w2v2_aasist_s240,source,0,0,0.3,0,disjoint_eval,11779,0.3732914509,8.71530647,8.717203739,0.9681096604,69.36072672,75.41746032,48.48279599,0.682283375,91.57823245,22.21750573,0.5,0,0,0.4754223618,3327
itw,deepfense_w2v2_aasist_s2,ours_bbse,0,0,0.3,0,available_pool,31779,0.3718178671,9.888288653,9.891606853,0.9649516827,87.13301237,88.76212229,17.59254621,4.883209208,90.89335725,3.760344882,0.5,0,0,1.293306901,2649
itw,deepfense_w2v2_aasist_s2,ours_bbse,0,0,0.3,0,disjoint_eval,11779,0.3732914509,9.905204793,9.904560429,0.9636031118,87.3503693,88.8870931,17.17691682,5.048896975,90.82265048,3.472281178,0.5,0,0,1.29892181,1789
itw,deepfense_w2v2_aasist_s2,ours_fixed,0,0,0.3,0,available_pool,31779,0.3718178671,9.708049582,9.706790501,0.9660061152,85.69180906,87.88094531,20.6582177,3.579891672,91.04440039,5.352591334,0.5,0,0,1.494697756,2783
itw,deepfense_w2v2_aasist_s2,ours_fixed,0,0,0.3,0,disjoint_eval,11779,0.3732914509,9.779395042,9.786744392,0.9645738391,85.71186009,87.82815979,20.52289352,3.8207869,90.90754733,5.19568724,0.5,0,0,1.587571101,1886
itw,deepfense_w2v2_aasist_s2,source,0,0,0.3,0,available_pool,31779,0.3718178671,9.643307719,9.643660211,0.9660458998,88.30359671,89.55569263,15.32835746,5.560257278,91.1136285,2.810031782,0.5,0,0,1.919506592,3017
itw,deepfense_w2v2_aasist_s2,source,0,0,0.3,0,disjoint_eval,11779,0.3732914509,9.72636142,9.730135452,0.9650206845,88.35215214,89.54379162,15.15849363,5.753923129,91.02640292,2.674250785,0.5,0,0,2.046014093,1947
itw,deepfense_w2v2_aasist_s42,ours_bbse,0,0,0.3,0,available_pool,31779,0.3718178671,14.54124513,14.50749666,0.9329362719,47.99395827,58.56447495,82.66793568,0.2031144211,88.05500488,40.0610466,0.5,0,0,2.215299412,2432
itw,deepfense_w2v2_aasist_s42,ours_bbse,0,0,0.3,0,disjoint_eval,11779,0.3732914509,14.06946814,14.06273193,0.9349428661,48.06859666,58.53135346,82.75535085,0.1819422333,88.19084812,40.12225146,0.5,0,0,2.207318108,1508
itw,deepfense_w2v2_aasist_s42,ours_fixed,0,0,0.3,0,available_pool,31779,0.3718178671,12.58414394,12.58395504,0.9473487678,82.3940338,84.20267004,22.85227671,8.742383209,90.73287391,8.338840115,0.5,0,0,0.9723402247,3935
itw,deepfense_w2v2_aasist_s42,ours_fixed,0,0,0.3,0,disjoint_eval,11779,0.3732914509,12.25835797,12.26572735,0.9490211455,82.23957891,84.16586529,23.43538336,8.232886059,90.94150607,8.701927159,0.5,0,0,1.061210629,2534
itw,deepfense_w2v2_aasist_s42,ours_gmm,0,0,0.3,0,available_pool,31779,0.3718178671,14.91087328,14.94727119,0.9294188303,54.99543724,63.99049671,71.09652858,0.9224779959,87.49803329,32.50259605,0.5,0,0,1.969854306,2877
itw,deepfense_w2v2_aasist_s42,ours_gmm,0,0,0.3,0,disjoint_eval,11779,0.3732914509,14.37317232,14.41083786,0.9311492399,55.01315901,63.91552003,71.21376321,0.955196725,87.54563206,32.53247305,0.5,0,0,1.944137872,1813
itw,deepfense_w2v2_aasist_s42,ours_oracle,0,0,0.3,0,available_pool,31779,0.3718178671,11.58763964,11.59121927,0.9523947205,91.2804053,89.162009,2.574763312,19.10121869,91.32760628,0.04720098178,0.5,0,0,0.503477139,3190
itw,deepfense_w2v2_aasist_s42,ours_oracle,0,0,0.3,0,disjoint_eval,11779,0.3732914509,11.05299068,11.04667957,0.9540675347,91.45088717,89.49623111,2.790571661,18.21696611,91.51880465,0.06791748026,0.5,0,0,0.5348501571,2081
itw,deepfense_w2v2_aasist_s42,source,0,0,0.3,0,available_pool,31779,0.3718178671,16.57997037,16.46989996,0.9171014468,39.08241291,51.50589101,96.95436558,0.03385240352,87.36587054,48.28345763,0.5,0,0,3.001982441,1576
itw,deepfense_w2v2_aasist_s42,source,0,0,0.3,0,disjoint_eval,11779,0.3732914509,16.40323275,16.42582591,0.9185645529,39.29026233,51.55082216,96.83012734,0.0682283375,87.37583836,48.08557603,0.5,0,0,3.013838187,916
itw,ssl_aasist_wavefake,eta,0,0,0.3,0,available_pool,31779,0.3718178671,4.595463778,4.594480875,0.9812494961,95.39003745,95.15986218,3.942293242,5.737982397,95.45611882,0.06608137449,0.5,30.0575852,34.04449479,30.0575852,1139
itw,ssl_aasist_wavefake,eta,0,0,0.3,0,disjoint_eval,11779,0.3732914509,4.659983744,4.649755347,0.9813775396,95.28822481,95.08671863,4.118125169,5.708437571,95.41557008,0.1273452755,0.5,30.21478903,34.34077596,30.21478903,704
itw,ssl_aasist_wavefake,ours_bbse,0,0,0.3,0,available_pool,31779,0.3718178671,4.540734447,4.541540603,0.9881779197,95.19808679,95.50097776,5.680508942,3.317535545,95.53164039,0.3335536046,0.5,0,0,0.7048679946,1897
itw,ssl_aasist_wavefake,ours_bbse,0,0,0.3,0,disjoint_eval,11779,0.3732914509,4.538065565,4.543310699,0.9886804148,95.22030733,95.56591903,5.797886752,3.070275188,95.48348756,0.263180236,0.5,0,0,0.7216232278,1294
itw,ssl_aasist_wavefake,ours_bbse,0,0,0.3,0.9,available_pool,13129,0.8999923833,5.026656512,5.022637667,0.9861873557,97.74544901,93.70393314,11.34805788,1.244075829,97.91301699,0.1675679793,0.5,0,0,1.957498667,1175
itw,ssl_aasist_wavefake,ours_bbse,0,0,0.3,0.95,available_pool,12438,0.9499919601,4.51929587,4.590837646,0.9901207584,98.6975398,91.62290436,16.23794212,0.5162491537,98.76185882,0.06431902235,0.5,0,0,2.25920566,955
itw,ssl_aasist_wavefake,ours_bbse,0,0,0.3,0.97,available_pool,12181,0.9700353009,3.835616438,3.838932119,0.9905187765,98.90813562,92.26844724,14.79452055,0.6685849695,99.11337329,0.2052376652,0.5,0,0,2.093424185,845
itw,ssl_aasist_wavefake,ours_conf,0,0,0.3,0,available_pool,31779,0.3718178671,4.875811884,4.881289187,0.9860909151,86.64526889,89.30471228,21.06897761,0.3215978334,95.17920639,8.533937506,0.5,0,35.35038862,13.81730073,2387
itw,ssl_aasist_wavefake,ours_conf,0,0,0.3,0,disjoint_eval,11779,0.3732914509,4.857342902,4.869665883,0.9866220115,86.56082859,89.22739372,21.29504199,0.2501705708,95.1778589,8.617030308,0.5,0,35.64818745,14.20324306,1649
itw,ssl_aasist_wavefake,ours_fixed,0,0,0.3,0,available_pool,31779,0.3718178671,4.553423834,4.553286054,0.9882281162,95.38374398,95.41043661,4.693683314,4.485443466,95.49073287,0.106988892,0.5,0,0,0.7803895654,1908
itw,ssl_aasist_wavefake,ours_fixed,0,0,0.3,0,disjoint_eval,11779,0.3732914509,4.632890815,4.636208883,0.9887608402,95.35614229,95.40759762,4.795448388,4.389356379,95.44103914,0.08489685033,0.5,0,0,0.772561338,1296
itw,ssl_aasist_wavefake,ours_fixed,0,0,0.02,0.9,available_pool,13129,0.8999923833,5.039669946,5.035332318,0.9860997919,97.75306573,93.67431551,11.42421935,1.227149628,97.92063371,0.1675679793,0.5,0,0,2.422118973,1181
itw,ssl_aasist_wavefake,ours_fixed,0,0,0.02,0.95,available_pool,12438,0.9499919601,4.578537576,4.540072647,0.989937686,98.60106126,92.48597738,14.30868167,0.7193635748,98.7698987,0.1688374337,0.5,0,0,2.500401994,966
itw,ssl_aasist_wavefake,ours_fixed,0,0,0.02,0.97,available_pool,12181,0.9700353009,3.909310033,3.877016073,0.9900084399,98.58796486,93.29820953,12.32876712,1.074813812,99.08874477,0.5007799031,0.5,0,0,2.569575569,919
itw,ssl_aasist_wavefake,ours_fixed,0,0,0.1,0.9,available_pool,13129,0.8999923833,5.255140899,5.255363273,0.9853036932,95.92505141,94.99433688,6.169078446,3.8422478,97.82161627,1.896564856,0.5,0,0,1.454794729,1324
itw,ssl_aasist_wavefake,ours_fixed,0,0,0.1,0.95,available_pool,12438,0.9499919601,4.942450914,4.963186872,0.9889181681,92.63547194,94.60081376,3.215434084,7.582938389,98.6251809,5.989708956,0.5,0,0,0.820067535,1559
itw,ssl_aasist_wavefake,ours_fixed,0,0,0.1,0.97,available_pool,12181,0.9700353009,4.657534247,4.664582966,0.9885903488,89.39331746,93.73630833,1.643835616,10.88354773,98.96560217,9.572284706,0.5,0,0,0.6157129956,1846
itw,ssl_aasist_wavefake,ours_fixed,0,0,0.3,0.9,available_pool,13129,0.8999923833,6.016755522,6.017010124,0.9785201279,73.2729073,84.44065671,1.599390708,29.51929587,96.86190875,23.58900145,0.5,0,0,0.3046690532,2491
itw,ssl_aasist_wavefake,ours_fixed,0,0,0.3,0.95,available_pool,12438,0.9499919601,5.655345517,5.716334819,0.9819335927,68.47563917,83.02731922,0.8038585209,33.14150305,97.45939862,28.98375945,0.5,0,0,0.2813957228,2545
itw,ssl_aasist_wavefake,ours_fixed,0,0,0.3,0.97,available_pool,12181,0.9700353009,5.205479452,5.205143247,0.9812742879,65.42155816,81.77844529,0.8219178082,35.6211916,97.85731878,32.43576061,0.5,0,0,0.2873327313,2619
itw,ssl_aasist_wavefake,ours_gmm,0,0,0.3,0,available_pool,31779,0.3718178671,4.608525773,4.610457876,0.9881154607,95.37115705,95.40041808,4.713720383,4.485443466,95.46555902,0.09440196356,0.5,0,0,0.74262878,1945
itw,ssl_aasist_wavefake,ours_gmm,0,0,0.3,0,disjoint_eval,11779,0.3732914509,4.63952695,4.642982115,0.9886690157,95.33067323,95.38727792,4.836087781,4.389356379,95.41557008,0.08489685033,0.5,0,0,0.789540708,1322
itw,ssl_aasist_wavefake,ours_oracle,0,0,0.3,0,available_pool,31779,0.3718178671,4.671631686,4.670134332,0.9877408446,95.33339627,95.31855497,4.623553574,4.739336493,95.39633091,0.06293464237,0.5,0,0,0.7992699581,1897
itw,ssl_aasist_wavefake,ours_oracle,0,0,0.3,0,disjoint_eval,11779,0.3732914509,4.700623137,4.704189213,0.9882923519,95.30520418,95.31178033,4.714169602,4.662269729,95.37312166,0.06791748026,0.5,0,0,0.7980303931,1302
itw,ssl_aasist_wavefake,sar,0,0,0.3,0,available_pool,31779,0.3718178671,5.016191801,5.016447617,0.9856932473,88.11793952,90.43888862,18.61443671,0.5077860528,95.07851097,6.960571447,0.5,0,0,1.129676831,2823
itw,ssl_aasist_wavefake,sar,0,0,0.3,0,disjoint_eval,11779,0.3732914509,4.923929422,4.919501591,0.9862725053,88.08048221,90.38922255,18.72121376,0.5003411417,95.11843111,7.037948892,0.5,0,0,1.19704559,1984
itw,ssl_aasist_wavefake,shot,0,0,0.3,0,available_pool,31779,0.3718178671,4.967517671,4.967132662,0.9826233224,85.25126656,88.21242878,23.33817562,0.2369668246,95.04389691,9.792630353,0.5,0,0,4.210327575,2120
itw,ssl_aasist_wavefake,shot,0,0,0.3,0,disjoint_eval,11779,0.3732914509,4.859362066,4.881037273,0.9829274344,85.35529332,88.27479106,23.24573286,0.2046850125,95.20332796,9.848034638,0.5,0,0,4.363698107,1407
itw,ssl_aasist_wavefake,source,0,0,0.3,0,available_pool,31779,0.3718178671,5.060450924,5.059975588,0.9854131167,78.24349413,82.66742123,34.58898963,0.07616790792,95.00613613,16.762642,0.5,0,0,1.230372258,3358
itw,ssl_aasist_wavefake,source,0,0,0.3,0,disjoint_eval,11779,0.3732914509,5.015395856,5.019173007,0.9859058543,78.43620002,82.78219577,34.36738011,0.0682283375,95.05051363,16.61431361,0.5,0,0,1.451736141,2375
itw,ssl_aasist_wavefake,source,0,0,0.02,0.9,available_pool,13129,0.8999923833,5.255140899,5.255363273,0.9850284652,96.48868916,82.74942557,34.42498096,0.07616790792,97.74544901,1.256759845,0.5,0,0,2.8638891,1190
itw,ssl_aasist_wavefake,source,0,0,0.02,0.95,available_pool,12438,0.9499919601,4.662379421,4.667005554,0.9893568343,98.29554591,83.56743377,32.79742765,0.06770480704,98.71361955,0.4180736453,0.5,0,0,3.328509407,836
itw,ssl_aasist_wavefake,source,0,0,0.02,0.97,available_pool,12181,0.9700353009,3.743597469,3.783921963,0.9899421263,98.94097365,83.52355988,32.87671233,0.07616790792,99.08874477,0.147771119,0.5,0,0,3.234545604,695
itw,ssl_aasist_wavefake,source,0,0,0.1,0.9,available_pool,13129,0.8999923833,5.255140899,5.255363273,0.9850284652,96.48868916,82.74942557,34.42498096,0.07616790792,97.74544901,1.256759845,0.5,0,0,2.8638891,1190
itw,ssl_aasist_wavefake,source,0,0,0.1,0.95,available_pool,12438,0.9499919601,4.662379421,4.667005554,0.9893568343,98.29554591,83.56743377,32.79742765,0.06770480704,98.71361955,0.4180736453,0.5,0,0,3.328509407,836
itw,ssl_aasist_wavefake,source,0,0,0.1,0.97,available_pool,12181,0.9700353009,3.743597469,3.783921963,0.9899421263,98.94097365,83.52355988,32.87671233,0.07616790792,99.08874477,0.147771119,0.5,0,0,3.234545604,695
itw,ssl_aasist_wavefake,source,0,0,0.3,0.9,available_pool,13129,0.8999923833,5.255140899,5.255363273,0.9850284652,96.48868916,82.74942557,34.42498096,0.07616790792,97.74544901,1.256759845,0.5,0,0,2.8638891,1190
itw,ssl_aasist_wavefake,source,0,0,0.3,0.95,available_pool,12438,0.9499919601,4.662379421,4.667005554,0.9893568343,98.29554591,83.56743377,32.79742765,0.06770480704,98.71361955,0.4180736453,0.5,0,0,3.328509407,836
itw,ssl_aasist_wavefake,source,0,0,0.3,0.97,available_pool,12181,0.9700353009,3.743597469,3.783921963,0.9899421263,98.94097365,83.52355988,32.87671233,0.07616790792,99.08874477,0.147771119,0.5,0,0,3.234545604,695
itw,ssl_aasist_wavefake,tent,0,0,0.3,0,available_pool,31779,0.3718178671,4.61238998,4.61296251,0.9831972685,95.37430379,95.16806201,4.027450784,5.636425186,95.45611882,0.08181503509,0.5,28.50309953,33.65115328,28.50309953,1197
itw,ssl_aasist_wavefake,tent,0,0,0.3,0,disjoint_eval,11779,0.3732914509,4.594041392,4.579599943,0.9833349682,95.28822481,95.11890573,4.21295042,5.549238117,95.42405977,0.1358349605,0.5,28.69513541,33.92478139,28.69513541,741
