seed,target,method,setting,family,eer,auc,acc,n,minutes
0,asvspoof2019,source,transductive,xlsr,4.731,0.9909,92.92,5580,0.4
0,asvspoof2019,tent,transductive,xlsr,4.16,0.9916,91.08,5580,2.2
0,asvspoof2019,st_only,transductive,xlsr,4.39,0.9858,95.3,5580,3.8
0,asvspoof2019,ours,transductive,xlsr,4.246,0.9924,88.82,5580,5.6
0,asvspoof2019,bn_only,transductive,xlsr,4.731,0.9909,92.92,5580,0.8
0,asvspoof2019,oracle,transductive,xlsr,0.502,0.9998,98.76,5580,2.2
0,asvspoof2019,source,inductive,xlsr,4.982,0.9897,92.72,2790,0
0,asvspoof2019,ours,inductive,xlsr,4.476,0.9911,88.21,2790,0
0,asvspoof2019,mlaad_heldout_lang_recall,diagnostic,xlsr,,,92.25,2000,0
0,asvspoof2019,source,transductive,rawnet2lite,48.835,0.5207,51.42,5580,0
0,dataset2,source,transductive,xlsr,36.946,0.6872,59.39,4447,0.3
0,dataset2,tent,transductive,xlsr,38.475,0.6186,59.93,4447,1.7
0,dataset2,st_only,transductive,xlsr,35.731,0.682,64.09,4447,3.0
0,dataset2,ours,transductive,xlsr,36.721,0.6918,63.35,4447,4.4
0,dataset2,bn_only,transductive,xlsr,36.946,0.6872,59.39,4447,0.7
0,dataset2,oracle,transductive,xlsr,12.435,0.9508,75.8,4447,1.7
0,dataset2,source,inductive,xlsr,37.41,0.6883,59.62,2224,0
0,dataset2,ours,inductive,xlsr,37.274,0.6955,62.77,2224,0
0,dataset2,mlaad_heldout_lang_recall,diagnostic,xlsr,,,97.45,2000,0
0,dataset2,source,transductive,rawnet2lite,53.0,0.4548,45.47,4447,0
0,in_the_wild,source,transductive,xlsr,13.017,0.943,86.53,6000,0.4
0,in_the_wild,tent,transductive,xlsr,13.433,0.8903,86.0,6000,2.4
0,in_the_wild,st_only,transductive,xlsr,12.067,0.9441,87.83,6000,4.1
0,in_the_wild,ours,transductive,xlsr,13.183,0.945,86.87,6000,7.1
0,in_the_wild,bn_only,transductive,xlsr,13.017,0.943,86.53,6000,1.9
0,in_the_wild,oracle,transductive,xlsr,3.967,0.9922,88.42,6000,5.1
0,in_the_wild,source,inductive,xlsr,12.866,0.9429,86.9,3000,0
0,in_the_wild,ours,inductive,xlsr,14.234,0.9402,86.07,3000,0
0,in_the_wild,mlaad_heldout_lang_recall,diagnostic,xlsr,,,84.65,2000,0
0,in_the_wild,source,transductive,rawnet2lite,38.833,0.6631,56.4,6000,0
0,arabic,source,transductive,xlsr,21.6,0.8638,71.15,5570,0.9
0,arabic,tent,transductive,xlsr,44.903,0.5511,56.89,5570,4.7
0,arabic,st_only,transductive,xlsr,21.023,0.8603,78.9,5570,8.3
0,arabic,ours,transductive,xlsr,19.911,0.8811,80.09,5570,12.1
0,arabic,bn_only,transductive,xlsr,21.6,0.8638,71.15,5570,1.8
0,arabic,oracle,transductive,xlsr,9.336,0.9715,90.5,5570,4.8
0,arabic,source,inductive,xlsr,20.756,0.8691,71.71,2785,0
0,arabic,ours,inductive,xlsr,20.038,0.8818,79.28,2785,0
0,arabic,mlaad_heldout_lang_recall,diagnostic,xlsr,,,92.95,2000,0
0,arabic,source,transductive,rawnet2lite,56.196,0.4173,45.69,5570,0
1,asvspoof2019,source,transductive,xlsr,6.04,0.9862,81.02,5580,0.9
1,asvspoof2019,tent,transductive,xlsr,3.907,0.9888,96.11,5580,4.8
1,asvspoof2019,st_only,transductive,xlsr,4.875,0.9855,94.77,5580,8.4
1,asvspoof2019,ours,transductive,xlsr,4.265,0.9927,87.6,5580,12.2
1,asvspoof2019,bn_only,transductive,xlsr,6.04,0.9862,81.02,5580,1.8
1,asvspoof2019,oracle,transductive,xlsr,0.549,0.9998,99.32,5580,4.8
1,asvspoof2019,source,inductive,xlsr,6.272,0.9862,80.47,2790,0
1,asvspoof2019,ours,inductive,xlsr,4.769,0.9919,93.41,2790,0
1,asvspoof2019,mlaad_heldout_lang_recall,diagnostic,xlsr,,,97.6,2000,0
1,asvspoof2019,source,transductive,rawnet2lite,46.791,0.544,52.56,5580,0
1,dataset2,source,transductive,xlsr,32.63,0.7365,68.43,4447,0.7
1,dataset2,tent,transductive,xlsr,32.427,0.7183,68.81,4447,3.8
1,dataset2,st_only,transductive,xlsr,32.269,0.7166,67.37,4447,6.7
1,dataset2,ours,transductive,xlsr,32.291,0.7414,68.14,4447,9.8
1,dataset2,bn_only,transductive,xlsr,32.63,0.7365,68.43,4447,1.4
1,dataset2,oracle,transductive,xlsr,11.086,0.9581,76.28,4447,3.8
1,dataset2,source,inductive,xlsr,33.46,0.7291,67.9,2224,0
1,dataset2,ours,inductive,xlsr,33.857,0.7286,67.67,2224,0
1,dataset2,mlaad_heldout_lang_recall,diagnostic,xlsr,,,94.1,2000,0
1,dataset2,source,transductive,rawnet2lite,53.609,0.4572,45.58,4447,0
1,in_the_wild,source,transductive,xlsr,11.467,0.9506,72.58,6000,1.0
1,in_the_wild,tent,transductive,xlsr,31.4,0.6862,66.62,6000,5.1
1,in_the_wild,st_only,transductive,xlsr,11.5,0.9431,86.37,6000,9.0
1,in_the_wild,ours,transductive,xlsr,9.417,0.9702,90.6,6000,13.2
1,in_the_wild,bn_only,transductive,xlsr,11.467,0.9506,72.58,6000,1.9
1,in_the_wild,oracle,transductive,xlsr,3.117,0.9956,91.53,6000,5.1
1,in_the_wild,source,inductive,xlsr,11.167,0.9537,73.23,3000,0
1,in_the_wild,ours,inductive,xlsr,10.0,0.9677,89.67,3000,0
1,in_the_wild,mlaad_heldout_lang_recall,diagnostic,xlsr,,,96.85,2000,0
1,in_the_wild,source,transductive,rawnet2lite,34.583,0.7061,61.93,6000,0
1,arabic,source,transductive,xlsr,24.076,0.8364,63.12,5570,0.9
1,arabic,tent,transductive,xlsr,48.285,0.5172,54.31,5570,4.8
1,arabic,st_only,transductive,xlsr,23.304,0.84,76.55,5570,8.4
1,arabic,ours,transductive,xlsr,21.867,0.8593,78.17,5570,12.2
1,arabic,bn_only,transductive,xlsr,24.076,0.8364,63.12,5570,1.8
1,arabic,oracle,transductive,xlsr,8.922,0.9699,90.2,5570,4.7
1,arabic,source,inductive,xlsr,24.13,0.8355,62.98,2785,0
1,arabic,ours,inductive,xlsr,22.228,0.8504,77.59,2785,0
1,arabic,mlaad_heldout_lang_recall,diagnostic,xlsr,,,96.8,2000,0
1,arabic,source,transductive,rawnet2lite,55.782,0.4222,49.73,5570,0
2,asvspoof2019,source,transductive,xlsr,3.514,0.9933,78.24,5580,0.9
2,asvspoof2019,tent,transductive,xlsr,3.036,0.98,95.9,5580,4.8
2,asvspoof2019,st_only,transductive,xlsr,2.953,0.9899,95.07,5580,8.4
2,asvspoof2019,ours,transductive,xlsr,2.546,0.9964,90.88,5580,12.2
2,asvspoof2019,bn_only,transductive,xlsr,3.514,0.9933,78.24,5580,1.8
2,asvspoof2019,oracle,transductive,xlsr,1.04,0.9991,97.99,5580,4.8
2,asvspoof2019,source,inductive,xlsr,3.549,0.9934,78.6,2790,0
2,asvspoof2019,ours,inductive,xlsr,3.228,0.9957,90.72,2790,0
2,asvspoof2019,mlaad_heldout_lang_recall,diagnostic,xlsr,,,97.85,2000,0
2,asvspoof2019,source,transductive,rawnet2lite,46.775,0.552,53.03,5580,0
2,dataset2,source,transductive,xlsr,33.506,0.7374,66.18,4447,0.7
2,dataset2,tent,transductive,xlsr,33.325,0.7332,67.51,4447,3.8
2,dataset2,st_only,transductive,xlsr,33.372,0.726,66.88,4447,6.7
2,dataset2,ours,transductive,xlsr,34.136,0.7319,66.09,4447,9.7
2,dataset2,bn_only,transductive,xlsr,33.506,0.7374,66.18,4447,1.4
2,dataset2,oracle,transductive,xlsr,14.099,0.9411,84.42,4447,3.8
2,dataset2,source,inductive,xlsr,32.599,0.7457,67.18,2224,0
2,dataset2,ours,inductive,xlsr,32.959,0.7428,67.09,2224,0
2,dataset2,mlaad_heldout_lang_recall,diagnostic,xlsr,,,97.8,2000,0
2,dataset2,source,transductive,rawnet2lite,46.819,0.536,53.43,4447,0
2,in_the_wild,source,transductive,xlsr,13.217,0.9396,71.53,6000,0.8
2,in_the_wild,tent,transductive,xlsr,34.75,0.6527,63.0,6000,2.4
2,in_the_wild,st_only,transductive,xlsr,11.317,0.9541,88.15,6000,4.1
2,in_the_wild,ours,transductive,xlsr,9.9,0.966,89.53,6000,6.0
2,in_the_wild,bn_only,transductive,xlsr,13.217,0.9396,71.53,6000,0.9
2,in_the_wild,oracle,transductive,xlsr,3.867,0.9941,94.12,6000,2.3
2,in_the_wild,source,inductive,xlsr,13.933,0.9341,71.57,3000,0
2,in_the_wild,ours,inductive,xlsr,9.166,0.9716,90.87,3000,0
2,in_the_wild,mlaad_heldout_lang_recall,diagnostic,xlsr,,,98.45,2000,0
2,in_the_wild,source,transductive,rawnet2lite,44.633,0.5764,55.98,6000,0
2,arabic,source,transductive,xlsr,22.101,0.8606,66.84,5570,0.4
2,arabic,tent,transductive,xlsr,49.78,0.5022,53.86,5570,2.2
2,arabic,st_only,transductive,xlsr,21.831,0.8635,77.92,5570,3.8
2,arabic,ours,transductive,xlsr,20.447,0.877,79.19,5570,5.6
2,arabic,bn_only,transductive,xlsr,22.101,0.8606,66.84,5570,0.8
2,arabic,oracle,transductive,xlsr,9.175,0.9699,88.06,5570,2.2
2,arabic,source,inductive,xlsr,21.972,0.8603,67.07,2785,0
2,arabic,ours,inductive,xlsr,21.15,0.8731,79.07,2785,0
2,arabic,mlaad_heldout_lang_recall,diagnostic,xlsr,,,96.6,2000,0
2,arabic,source,transductive,rawnet2lite,59.064,0.394,45.57,5570,0
3,asvspoof2019,source,transductive,xlsr,3.638,0.9932,78.96,5580,0.4
3,asvspoof2019,tent,transductive,xlsr,49.516,0.5048,53.76,5580,2.2
3,asvspoof2019,st_only,transductive,xlsr,3.156,0.9949,96.92,5580,3.8
3,asvspoof2019,ours,transductive,xlsr,2.634,0.996,89.87,5580,5.6
3,asvspoof2019,bn_only,transductive,xlsr,3.638,0.9932,78.96,5580,0.8
3,asvspoof2019,oracle,transductive,xlsr,0.824,0.9995,96.79,5580,2.2
3,asvspoof2019,source,inductive,xlsr,3.556,0.9943,78.49,2790,0
3,asvspoof2019,ours,inductive,xlsr,2.15,0.9968,91.4,2790,0
3,asvspoof2019,mlaad_heldout_lang_recall,diagnostic,xlsr,,,93.3,2000,0
3,asvspoof2019,source,transductive,rawnet2lite,45.86,0.5632,53.06,5580,0
3,dataset2,source,transductive,xlsr,35.126,0.7115,65.53,4447,0.3
3,dataset2,tent,transductive,xlsr,34.476,0.7346,61.7,4447,1.7
3,dataset2,st_only,transductive,xlsr,35.35,0.702,64.79,4447,3.0
3,dataset2,ours,transductive,xlsr,36.114,0.7045,63.46,4447,4.4
3,dataset2,bn_only,transductive,xlsr,35.126,0.7115,65.53,4447,0.7
3,dataset2,oracle,transductive,xlsr,12.008,0.9516,79.6,4447,1.7
3,dataset2,source,inductive,xlsr,35.027,0.7181,65.96,2224,0
3,dataset2,ours,inductive,xlsr,35.204,0.7187,65.38,2224,0
3,dataset2,mlaad_heldout_lang_recall,diagnostic,xlsr,,,89.65,2000,0
3,dataset2,source,transductive,rawnet2lite,48.055,0.5073,51.5,4447,0
3,in_the_wild,source,transductive,xlsr,14.05,0.9221,70.87,6000,0.4
3,in_the_wild,tent,transductive,xlsr,37.567,0.6243,60.53,6000,2.4
3,in_the_wild,st_only,transductive,xlsr,12.733,0.9248,86.25,6000,4.1
3,in_the_wild,ours,transductive,xlsr,11.267,0.9583,88.45,6000,6.0
3,in_the_wild,bn_only,transductive,xlsr,14.05,0.9221,70.87,6000,0.9
3,in_the_wild,oracle,transductive,xlsr,3.883,0.9941,85.6,6000,2.3
3,in_the_wild,source,inductive,xlsr,13.8,0.9227,71.23,3000,0
3,in_the_wild,ours,inductive,xlsr,11.766,0.9534,87.93,3000,0
3,in_the_wild,mlaad_heldout_lang_recall,diagnostic,xlsr,,,96.9,2000,0
3,in_the_wild,source,transductive,rawnet2lite,39.167,0.6501,60.22,6000,0
3,arabic,source,transductive,xlsr,20.52,0.8657,58.44,5570,0.4
3,arabic,tent,transductive,xlsr,49.689,0.5031,53.88,5570,2.2
3,arabic,st_only,transductive,xlsr,21.239,0.8598,78.67,5570,3.8
3,arabic,ours,transductive,xlsr,20.233,0.8694,78.6,5570,5.6
3,arabic,bn_only,transductive,xlsr,20.52,0.8657,58.44,5570,0.8
3,arabic,oracle,transductive,xlsr,9.083,0.9707,85.39,5570,2.2
3,arabic,source,inductive,xlsr,20.465,0.8652,58.82,2785,0
3,arabic,ours,inductive,xlsr,21.076,0.869,79.1,2785,0
3,arabic,mlaad_heldout_lang_recall,diagnostic,xlsr,,,98.9,2000,0
3,arabic,source,transductive,rawnet2lite,61.687,0.3495,47.92,5570,0
4,asvspoof2019,source,transductive,xlsr,5.502,0.9891,82.19,5580,0.4
4,asvspoof2019,tent,transductive,xlsr,3.422,0.991,96.38,5580,2.2
4,asvspoof2019,st_only,transductive,xlsr,4.068,0.991,95.63,5580,3.8
4,asvspoof2019,ours,transductive,xlsr,3.1,0.9957,90.23,5580,5.6
4,asvspoof2019,bn_only,transductive,xlsr,5.502,0.9891,82.19,5580,0.8
4,asvspoof2019,oracle,transductive,xlsr,0.732,0.9993,99.25,5580,2.2
4,asvspoof2019,source,inductive,xlsr,5.626,0.9892,82.65,2790,0
4,asvspoof2019,ours,inductive,xlsr,3.046,0.9959,94.05,2790,0
4,asvspoof2019,mlaad_heldout_lang_recall,diagnostic,xlsr,,,97.25,2000,0
4,asvspoof2019,source,transductive,rawnet2lite,51.791,0.4806,47.9,5580,0
4,dataset2,source,transductive,xlsr,33.978,0.7162,65.75,4447,0.3
4,dataset2,tent,transductive,xlsr,33.652,0.6691,64.88,4447,1.7
4,dataset2,st_only,transductive,xlsr,33.798,0.6955,65.23,4447,3.0
4,dataset2,ours,transductive,xlsr,33.799,0.7213,66.07,4447,4.4
4,dataset2,bn_only,transductive,xlsr,33.978,0.7162,65.75,4447,0.7
4,dataset2,oracle,transductive,xlsr,14.819,0.9305,81.02,4447,1.7
4,dataset2,source,inductive,xlsr,33.139,0.7174,66.68,2224,0
4,dataset2,ours,inductive,xlsr,33.273,0.7211,65.47,2224,0
4,dataset2,mlaad_heldout_lang_recall,diagnostic,xlsr,,,96.3,2000,0
4,dataset2,source,transductive,rawnet2lite,53.407,0.4448,46.19,4447,0
4,in_the_wild,source,transductive,xlsr,14.867,0.9344,76.27,6000,0.4
4,in_the_wild,tent,transductive,xlsr,16.167,0.8481,82.08,6000,2.4
4,in_the_wild,st_only,transductive,xlsr,12.9,0.9464,86.87,6000,4.1
4,in_the_wild,ours,transductive,xlsr,12.4,0.9531,87.43,6000,6.0
4,in_the_wild,bn_only,transductive,xlsr,14.867,0.9344,76.27,6000,0.9
4,in_the_wild,oracle,transductive,xlsr,4.5,0.9913,88.73,6000,2.3
4,in_the_wild,source,inductive,xlsr,15.468,0.9296,75.2,3000,0
4,in_the_wild,ours,inductive,xlsr,13.832,0.9446,86.13,3000,0
4,in_the_wild,mlaad_heldout_lang_recall,diagnostic,xlsr,,,95.95,2000,0
4,in_the_wild,source,transductive,rawnet2lite,37.717,0.6678,59.65,6000,0
5,asvspoof2019,source,transductive,xlsr,7.149,0.9808,72.69,5580,0.5
5,asvspoof2019,tent,transductive,xlsr,49.438,0.5056,53.78,5580,2.5
5,asvspoof2019,st_only,transductive,xlsr,6.093,0.9795,93.49,5580,4.4
5,asvspoof2019,ours,transductive,xlsr,4.928,0.9888,89.64,5580,6.4
5,asvspoof2019,bn_only,transductive,xlsr,7.149,0.9808,72.69,5580,0.9
5,asvspoof2019,oracle,transductive,xlsr,1.326,0.9988,98.69,5580,2.5
5,asvspoof2019,source,inductive,xlsr,7.384,0.9808,72.97,2790,0
5,asvspoof2019,ours,inductive,xlsr,5.735,0.9869,86.88,2790,0
5,asvspoof2019,mlaad_heldout_lang_recall,diagnostic,xlsr,,,99.0,2000,0
5,asvspoof2019,source,transductive,rawnet2lite,46.206,0.552,53.1,5580,0
5,dataset2,source,transductive,xlsr,32.719,0.7382,66.29,4447,0.4
5,dataset2,tent,transductive,xlsr,42.949,0.5692,54.04,4447,2.0
5,dataset2,st_only,transductive,xlsr,32.269,0.7146,67.21,4447,3.5
5,dataset2,ours,transductive,xlsr,33.124,0.7288,65.89,4447,5.1
5,dataset2,bn_only,transductive,xlsr,32.719,0.7382,66.29,4447,0.7
5,dataset2,oracle,transductive,xlsr,13.29,0.9443,83.56,4447,2.0
5,dataset2,source,inductive,xlsr,32.326,0.7319,65.78,2224,0
5,dataset2,ours,inductive,xlsr,32.597,0.7276,67.54,2224,0
5,dataset2,mlaad_heldout_lang_recall,diagnostic,xlsr,,,97.65,2000,0
5,dataset2,source,transductive,rawnet2lite,54.669,0.4333,47.34,4447,0
5,in_the_wild,source,transductive,xlsr,12.217,0.9542,81.77,6000,0.5
5,in_the_wild,tent,transductive,xlsr,23.417,0.7678,73.8,6000,2.7
5,in_the_wild,st_only,transductive,xlsr,11.317,0.9505,88.23,6000,4.7
5,in_the_wild,ours,transductive,xlsr,10.8,0.9664,89.22,6000,6.8
5,in_the_wild,bn_only,transductive,xlsr,12.217,0.9542,81.77,6000,1.0
5,in_the_wild,oracle,transductive,xlsr,5.483,0.9891,82.45,6000,2.7
5,in_the_wild,source,inductive,xlsr,11.9,0.9555,81.37,3000,0
5,in_the_wild,ours,inductive,xlsr,10.768,0.9651,89.73,3000,0
5,in_the_wild,mlaad_heldout_lang_recall,diagnostic,xlsr,,,89.65,2000,0
5,in_the_wild,source,transductive,rawnet2lite,38.883,0.6616,55.05,6000,0
5,arabic,source,transductive,xlsr,24.685,0.8215,56.68,5570,0.5
5,arabic,tent,transductive,xlsr,49.338,0.5066,53.86,5570,2.5
5,arabic,st_only,transductive,xlsr,24.237,0.8252,75.78,5570,4.4
5,arabic,ours,transductive,xlsr,22.262,0.8447,78.08,5570,6.4
5,arabic,bn_only,transductive,xlsr,24.685,0.8215,56.68,5570,0.9
5,arabic,oracle,transductive,xlsr,10.52,0.9655,87.68,5570,2.5
5,arabic,source,inductive,xlsr,23.954,0.8277,56.91,2785,0
5,arabic,ours,inductive,xlsr,22.947,0.8424,77.74,2785,0
5,arabic,mlaad_heldout_lang_recall,diagnostic,xlsr,,,98.3,2000,0
5,arabic,source,transductive,rawnet2lite,54.346,0.44,52.8,5570,0
6,asvspoof2019,source,transductive,xlsr,5.79,0.9844,62.26,5580,0.5
6,asvspoof2019,tent,transductive,xlsr,49.69,0.5031,53.8,5580,2.5
6,asvspoof2019,st_only,transductive,xlsr,4.839,0.9888,95.3,5580,4.4
6,asvspoof2019,ours,transductive,xlsr,3.996,0.9917,94.3,5580,6.4
6,asvspoof2019,bn_only,transductive,xlsr,5.79,0.9844,62.26,5580,0.9
6,asvspoof2019,oracle,transductive,xlsr,1.04,0.9993,98.06,5580,2.5
6,asvspoof2019,source,inductive,xlsr,5.695,0.985,61.18,2790,0
6,asvspoof2019,ours,inductive,xlsr,4.303,0.9909,93.26,2790,0
6,asvspoof2019,mlaad_heldout_lang_recall,diagnostic,xlsr,,,97.25,2000,0
6,asvspoof2019,source,transductive,rawnet2lite,47.831,0.5368,52.13,5580,0
6,dataset2,source,transductive,xlsr,32.92,0.738,64.88,4447,0.4
6,dataset2,tent,transductive,xlsr,35.186,0.6562,63.23,4447,2.0
6,dataset2,st_only,transductive,xlsr,32.877,0.7142,66.47,4447,3.5
6,dataset2,ours,transductive,xlsr,33.618,0.7401,65.57,4447,5.1
6,dataset2,bn_only,transductive,xlsr,32.92,0.738,64.88,4447,0.7
6,dataset2,oracle,transductive,xlsr,14.909,0.9271,79.87,4447,2.0
6,dataset2,source,inductive,xlsr,33.453,0.7343,64.57,2224,0
6,dataset2,ours,inductive,xlsr,34.169,0.7397,66.32,2224,0
6,dataset2,mlaad_heldout_lang_recall,diagnostic,xlsr,,,98.95,2000,0
6,dataset2,source,transductive,rawnet2lite,57.138,0.3838,48.21,4447,0
6,in_the_wild,source,transductive,xlsr,10.683,0.9639,79.32,6000,0.5
6,in_the_wild,tent,transductive,xlsr,10.133,0.9474,89.73,6000,2.7
6,in_the_wild,st_only,transductive,xlsr,9.267,0.9707,90.6,6000,4.7
6,in_the_wild,ours,transductive,xlsr,10.517,0.9632,89.43,6000,6.8
6,in_the_wild,bn_only,transductive,xlsr,10.683,0.9639,79.32,6000,1.0
6,in_the_wild,oracle,transductive,xlsr,4.75,0.9913,93.28,6000,2.7
6,in_the_wild,source,inductive,xlsr,10.2,0.9645,79.43,3000,0
6,in_the_wild,ours,inductive,xlsr,9.167,0.9703,90.63,3000,0
6,in_the_wild,mlaad_heldout_lang_recall,diagnostic,xlsr,,,97.5,2000,0
6,in_the_wild,source,transductive,rawnet2lite,40.917,0.6472,60.37,6000,0
6,arabic,source,transductive,xlsr,24.471,0.8319,72.14,5570,0.5
6,arabic,tent,transductive,xlsr,33.675,0.6669,66.45,5570,2.5
6,arabic,st_only,transductive,xlsr,23.729,0.7966,74.49,5570,4.4
6,arabic,ours,transductive,xlsr,22.64,0.8551,77.45,5570,6.4
6,arabic,bn_only,transductive,xlsr,24.471,0.8319,72.14,5570,0.9
6,arabic,oracle,transductive,xlsr,9.48,0.9674,88.53,5570,2.5
6,arabic,source,inductive,xlsr,25.284,0.8273,72.6,2785,0
6,arabic,ours,inductive,xlsr,23.41,0.8495,76.52,2785,0
6,arabic,mlaad_heldout_lang_recall,diagnostic,xlsr,,,96.0,2000,0
6,arabic,source,transductive,rawnet2lite,52.417,0.469,53.97,5570,0
7,asvspoof2019,source,transductive,xlsr,3.891,0.9924,72.44,5580,0.5
7,asvspoof2019,tent,transductive,xlsr,42.112,0.5789,58.32,5580,2.5
7,asvspoof2019,st_only,transductive,xlsr,2.834,0.9943,95.54,5580,4.4
7,asvspoof2019,ours,transductive,xlsr,2.402,0.9969,92.63,5580,6.4
7,asvspoof2019,bn_only,transductive,xlsr,3.891,0.9924,72.44,5580,0.9
7,asvspoof2019,oracle,transductive,xlsr,0.807,0.9994,98.96,5580,2.5
7,asvspoof2019,source,inductive,xlsr,3.479,0.9935,71.94,2790,0
7,asvspoof2019,ours,inductive,xlsr,2.366,0.997,91.97,2790,0
7,asvspoof2019,mlaad_heldout_lang_recall,diagnostic,xlsr,,,98.75,2000,0
7,asvspoof2019,source,transductive,rawnet2lite,51.961,0.4699,53.44,5580,0
7,dataset2,source,transductive,xlsr,34.023,0.7142,64.11,4447,0.4
7,dataset2,tent,transductive,xlsr,34.407,0.6659,65.41,4447,2.0
7,dataset2,st_only,transductive,xlsr,34.271,0.6998,65.93,4447,3.5
7,dataset2,ours,transductive,xlsr,34.563,0.7107,65.57,4447,5.1
7,dataset2,bn_only,transductive,xlsr,34.023,0.7142,64.11,4447,0.7
7,dataset2,oracle,transductive,xlsr,14.189,0.9358,84.93,4447,2.0
7,dataset2,source,inductive,xlsr,33.993,0.7153,63.53,2224,0
7,dataset2,ours,inductive,xlsr,34.039,0.7114,66.23,2224,0
7,dataset2,mlaad_heldout_lang_recall,diagnostic,xlsr,,,97.4,2000,0
7,dataset2,source,transductive,rawnet2lite,48.19,0.5121,53.05,4447,0
7,in_the_wild,source,transductive,xlsr,13.033,0.9445,80.37,6000,0.5
7,in_the_wild,tent,transductive,xlsr,30.767,0.6924,66.43,6000,2.7
7,in_the_wild,st_only,transductive,xlsr,10.517,0.9582,89.48,6000,4.7
7,in_the_wild,ours,transductive,xlsr,11.233,0.9548,88.27,6000,6.8
7,in_the_wild,bn_only,transductive,xlsr,13.033,0.9445,80.37,6000,1.0
7,in_the_wild,oracle,transductive,xlsr,5.8,0.9867,87.73,6000,2.7
7,in_the_wild,source,inductive,xlsr,12.967,0.944,79.8,3000,0
7,in_the_wild,ours,inductive,xlsr,11.134,0.9563,88.3,3000,0
7,in_the_wild,mlaad_heldout_lang_recall,diagnostic,xlsr,,,95.4,2000,0
7,in_the_wild,source,transductive,rawnet2lite,38.317,0.6724,61.68,6000,0
7,arabic,source,transductive,xlsr,22.449,0.7885,56.7,5570,0.5
7,arabic,tent,transductive,xlsr,49.917,0.5008,53.88,5570,2.5
7,arabic,st_only,transductive,xlsr,21.578,0.8551,78.64,5570,4.4
7,arabic,ours,transductive,xlsr,20.5,0.8645,80.04,5570,6.4
7,arabic,bn_only,transductive,xlsr,22.449,0.7885,56.7,5570,0.9
7,arabic,oracle,transductive,xlsr,8.33,0.975,90.31,5570,2.5
7,arabic,source,inductive,xlsr,22.602,0.7871,58.31,2785,0
7,arabic,ours,inductive,xlsr,20.82,0.8564,78.99,2785,0
7,arabic,mlaad_heldout_lang_recall,diagnostic,xlsr,,,98.5,2000,0
7,arabic,source,transductive,rawnet2lite,57.683,0.4029,46.12,5570,0
8,asvspoof2019,source,transductive,xlsr,6.362,0.9831,75.25,5580,0.5
8,asvspoof2019,tent,transductive,xlsr,25.314,0.7476,73.26,5580,2.5
8,asvspoof2019,st_only,transductive,xlsr,5.017,0.9838,93.41,5580,4.4
8,asvspoof2019,ours,transductive,xlsr,3.602,0.9928,91.49,5580,6.4
8,asvspoof2019,bn_only,transductive,xlsr,6.362,0.9831,75.25,5580,0.9
8,asvspoof2019,oracle,transductive,xlsr,1.217,0.9992,98.64,5580,2.5
8,asvspoof2019,source,inductive,xlsr,6.307,0.9836,75.63,2790,0
8,asvspoof2019,ours,inductive,xlsr,3.728,0.9931,86.99,2790,0
8,asvspoof2019,mlaad_heldout_lang_recall,diagnostic,xlsr,,,98.6,2000,0
8,asvspoof2019,source,transductive,rawnet2lite,51.023,0.4992,52.63,5580,0
8,dataset2,source,transductive,xlsr,29.84,0.765,66.56,4447,0.4
8,dataset2,tent,transductive,xlsr,36.647,0.6305,60.87,4447,2.0
8,dataset2,st_only,transductive,xlsr,29.953,0.7446,69.42,4447,3.5
8,dataset2,ours,transductive,xlsr,29.458,0.771,69.64,4447,5.1
8,dataset2,bn_only,transductive,xlsr,29.84,0.765,66.56,4447,0.7
8,dataset2,oracle,transductive,xlsr,14.257,0.9411,78.37,4447,2.0
8,dataset2,source,inductive,xlsr,30.171,0.7685,66.64,2224,0
8,dataset2,ours,inductive,xlsr,29.855,0.7755,69.96,2224,0
8,dataset2,mlaad_heldout_lang_recall,diagnostic,xlsr,,,97.35,2000,0
8,dataset2,source,transductive,rawnet2lite,49.832,0.494,50.1,4447,0
8,in_the_wild,source,transductive,xlsr,13.317,0.9387,68.35,6000,0.5
8,in_the_wild,tent,transductive,xlsr,44.633,0.5537,52.83,6000,2.7
8,in_the_wild,st_only,transductive,xlsr,11.967,0.9529,88.08,6000,4.7
8,in_the_wild,ours,transductive,xlsr,10.65,0.9609,88.88,6000,6.8
8,in_the_wild,bn_only,transductive,xlsr,13.317,0.9387,68.35,6000,1.0
8,in_the_wild,oracle,transductive,xlsr,4.267,0.9933,89.5,6000,2.7
8,in_the_wild,source,inductive,xlsr,13.567,0.939,68.63,3000,0
8,in_the_wild,ours,inductive,xlsr,11.367,0.9563,89.0,3000,0
8,in_the_wild,mlaad_heldout_lang_recall,diagnostic,xlsr,,,99.65,2000,0
8,in_the_wild,source,transductive,rawnet2lite,42.183,0.6117,55.22,6000,0
8,arabic,source,transductive,xlsr,23.626,0.8414,65.87,5570,0.5
8,arabic,tent,transductive,xlsr,49.572,0.5043,53.9,5570,2.5
8,arabic,st_only,transductive,xlsr,23.901,0.8409,76.32,5570,4.4
8,arabic,ours,transductive,xlsr,22.62,0.8521,77.18,5570,6.4
8,arabic,bn_only,transductive,xlsr,23.626,0.8414,65.87,5570,0.9
8,arabic,oracle,transductive,xlsr,10.611,0.9594,88.4,5570,2.5
8,arabic,source,inductive,xlsr,23.558,0.8409,66.75,2785,0
8,arabic,ours,inductive,xlsr,23.34,0.8515,75.8,2785,0
8,arabic,mlaad_heldout_lang_recall,diagnostic,xlsr,,,96.8,2000,0
8,arabic,source,transductive,rawnet2lite,55.713,0.429,51.36,5570,0
9,asvspoof2019,source,transductive,xlsr,3.674,0.993,84.62,5580,0.5
9,asvspoof2019,tent,transductive,xlsr,4.118,0.9683,95.13,5580,2.5
9,asvspoof2019,st_only,transductive,xlsr,3.725,0.9727,93.28,5580,4.4
9,asvspoof2019,ours,transductive,xlsr,2.94,0.9962,86.81,5580,6.4
9,asvspoof2019,bn_only,transductive,xlsr,3.674,0.993,84.62,5580,0.9
9,asvspoof2019,oracle,transductive,xlsr,0.879,0.9991,95.0,5580,2.5
9,asvspoof2019,source,inductive,xlsr,3.872,0.9916,83.84,2790,0
9,asvspoof2019,ours,inductive,xlsr,3.191,0.9954,83.3,2790,0
9,asvspoof2019,mlaad_heldout_lang_recall,diagnostic,xlsr,,,97.8,2000,0
9,asvspoof2019,source,transductive,rawnet2lite,49.082,0.5113,51.54,5580,0
9,dataset2,source,transductive,xlsr,33.686,0.7301,67.91,4447,0.4
9,dataset2,tent,transductive,xlsr,32.901,0.7395,65.55,4447,2.0
9,dataset2,st_only,transductive,xlsr,34.0,0.6903,64.11,4447,3.5
9,dataset2,ours,transductive,xlsr,33.551,0.7305,66.92,4447,5.1
9,dataset2,bn_only,transductive,xlsr,33.686,0.7301,67.91,4447,0.7
9,dataset2,oracle,transductive,xlsr,18.215,0.9136,74.23,4447,2.0
9,dataset2,source,inductive,xlsr,32.956,0.7373,68.21,2224,0
9,dataset2,ours,inductive,xlsr,32.596,0.7391,67.99,2224,0
9,dataset2,mlaad_heldout_lang_recall,diagnostic,xlsr,,,91.75,2000,0
9,dataset2,source,transductive,rawnet2lite,52.081,0.4583,47.58,4447,0
9,in_the_wild,source,transductive,xlsr,11.9,0.9555,66.63,6000,0.5
9,in_the_wild,tent,transductive,xlsr,31.1,0.6892,66.58,6000,2.7
9,in_the_wild,st_only,transductive,xlsr,11.917,0.9539,87.98,6000,4.7
9,in_the_wild,ours,transductive,xlsr,13.933,0.9385,85.93,6000,6.8
9,in_the_wild,bn_only,transductive,xlsr,11.9,0.9555,66.63,6000,1.0
9,in_the_wild,oracle,transductive,xlsr,4.517,0.9921,94.17,6000,2.7
9,in_the_wild,source,inductive,xlsr,11.4,0.9561,66.2,3000,0
9,in_the_wild,ours,inductive,xlsr,14.633,0.9332,85.1,3000,0
9,in_the_wild,mlaad_heldout_lang_recall,diagnostic,xlsr,,,98.65,2000,0
9,in_the_wild,source,transductive,rawnet2lite,39.35,0.6451,54.35,6000,0
9,arabic,source,transductive,xlsr,22.656,0.8431,68.2,5570,0.5
9,arabic,tent,transductive,xlsr,49.225,0.5078,54.15,5570,2.5
9,arabic,st_only,transductive,xlsr,22.528,0.844,77.38,5570,4.4
9,arabic,ours,transductive,xlsr,21.348,0.8588,78.47,5570,6.4
9,arabic,bn_only,transductive,xlsr,22.656,0.8431,68.2,5570,0.9
9,arabic,oracle,transductive,xlsr,10.233,0.9614,73.82,5570,2.5
9,arabic,source,inductive,xlsr,20.966,0.8566,70.45,2785,0
9,arabic,ours,inductive,xlsr,20.328,0.8666,78.67,2785,0
9,arabic,mlaad_heldout_lang_recall,diagnostic,xlsr,,,92.65,2000,0
9,arabic,source,transductive,rawnet2lite,60.053,0.3778,43.77,5570,0
4,arabic,source,transductive,xlsr,18.78,0.8786,64.81,5570,0.5
4,arabic,tent,transductive,xlsr,49.099,0.509,54.11,5570,2.5
4,arabic,st_only,transductive,xlsr,18.563,0.8784,81.18,5570,4.4
4,arabic,ours,transductive,xlsr,18.097,0.8937,82.28,5570,6.4
4,arabic,bn_only,transductive,xlsr,18.78,0.8786,64.81,5570,0.9
4,arabic,oracle,transductive,xlsr,9.28,0.9703,89.19,5570,2.5
4,arabic,source,inductive,xlsr,19.462,0.8699,64.17,2785,0
4,arabic,ours,inductive,xlsr,19.318,0.8866,79.68,2785,0
4,arabic,mlaad_heldout_lang_recall,diagnostic,xlsr,,,97.7,2000,0
4,arabic,source,transductive,rawnet2lite,52.226,0.457,47.34,5570,0
