seed,target,family,src_eer,src_auc,src_acc,ada_eer,ada_auc,ada_acc,gain,def_before,def_after
0,arabic,deepfense_w2v2_aasist_s2,25.7682879377432,0.8144600518806744,58.92280071813285,26.84079118028534,0.8021372243839169,72.11849192100539,-1.0725032425421404,15.308911344123956,1.0407168987092774
0,arabic,deepfense_w2v2_aasist_s240,24.573476005188063,0.8236747730220493,58.9048473967684,22.99805447470817,0.838978728923476,78.13285457809694,1.5754215304798933,16.521676598043527,-1.1309090528051087
0,arabic,deepfense_w2v2_aasist_s42,32.15869001297017,0.7343448119325551,53.85996409335727,28.98028534370947,0.7676854085603112,71.0951526032316,3.1784046692607006,13.981345893672561,-0.07543794694106509
0,arabic,hf_ast_asv19,31.883722438391697,0.7395060959792477,53.87791741472173,31.833852140077816,0.7443597276264591,68.31238779174147,0.04987029831388057,14.23836014688657,-0.14623993181929507
0,arabic,hf_w2v2_bisher,49.82775616083009,0.500877496757458,44.4524236983842,52.2061608300908,0.457902140077821,44.99102333931778,-2.3784046692607106,5.719820140785707,2.8028158305914204
0,arabic,hf_w2v2_mothecreator,49.0996757457847,0.5037618677042801,49.33572710951526,49.10252918287937,0.522939299610895,51.36445242369838,-0.0028534370946715626,1.5645971447000377,-0.4669816065777539
0,arabic,hf_xlsr_gustking,27.61044098573281,0.7872539559014267,64.67983243566727,29.60544747081713,0.7635033722438392,54.18312387791742,-1.9950064850843177,7.709726578599927,16.211428651265457
0,arabic,hf_xlsr_stafford,40.574232598357106,0.6399125594466061,59.74865350089766,42.43955901426718,0.6244177691309987,57.97127468581687,-1.8653264159100758,-0.32288609925476663,-0.41083370008405495
0,arabic,ssl_aasist_wavefake,22.386770428015563,0.8578844357976654,59.26391382405745,22.659079118028536,0.858572438391699,77.36086175942549,-0.27230869001297364,18.349315747926987,-0.019940877454018846
0,asvspoof2019,hf_w2v2_mothecreator,0.4104651162790682,0.9993973514211886,99.247311827957,0.5379844961240294,0.9991089793281652,97.09677419354838,-0.12751937984496126,0.34222305576392387,2.3652413103275904
0,asvspoof2019,ssl_aasist_wavefake,0.4658914728682191,0.999770607235142,89.49820788530467,0.4658914728682191,0.9997712532299742,99.53405017921146,0.0,10.035900641827112,5.8347920315782176e-05
0,asvspoof2021df,deepfense_w2v2_aasist_s2,4.616666666666667,0.9916910555555556,88.53333333333333,4.783333333333334,0.9917545,85.36666666666667,-0.16666666666666696,6.849999999999994,9.849999999999994
0,asvspoof2021df,deepfense_w2v2_aasist_s240,4.716666666666669,0.992042277777778,86.96666666666667,4.599999999999999,0.9922993888888888,81.88333333333333,0.1166666666666698,8.316666666666663,13.51666666666668
0,asvspoof2021df,deepfense_w2v2_aasist_s42,4.983333333333332,0.9912886666666668,80.46666666666667,3.6,0.9947841666666668,86.48333333333333,1.3833333333333315,14.549999999999997,9.916666666666671
0,asvspoof2021df,hf_ast_asv19,17.633333333333333,0.9110592222222222,76.43333333333334,18.666666666666668,0.9019091666666668,80.25,-1.033333333333335,5.933333333333337,1.0833333333333286
0,asvspoof2021df,hf_w2v2_bisher,6.466666666666665,0.9819553333333332,92.75,6.633333333333334,0.9849187777777776,90.71666666666668,-0.16666666666666874,0.7833333333333314,2.6499999999999773
0,asvspoof2021df,hf_w2v2_mothecreator,10.583333333333334,0.9399562222222221,86.83333333333333,14.650000000000002,0.8659581111111111,85.38333333333334,-4.066666666666668,2.583333333333343,-0.03333333333334565
0,asvspoof2021df,hf_xlsr_gustking,9.200000000000001,0.9713470370370371,91.49444444444445,9.183333333333335,0.9720372777777778,90.96666666666668,0.01666666666666572,-0.6944444444444571,-0.1500000000000199
0,asvspoof2021df,hf_xlsr_stafford,15.838888888888889,0.8731884814814815,63.96111111111111,12.6,0.946480611111111,83.88333333333333,3.238888888888889,20.200000000000003,3.51666666666668
0,asvspoof2021df,ssl_aasist_wavefake,3.316666666666664,0.9937529444444444,70.3,3.3000000000000016,0.9939938888888888,91.7,0.01666666666666261,26.38333333333334,5.0
0,asvspoof2021la,deepfense_w2v2_aasist_s2,6.100000000000002,0.9829106666666666,92.71666666666668,7.3166666666666655,0.9775016111111112,90.8,-1.2166666666666632,1.1833333333333087,1.88333333333334
0,asvspoof2021la,deepfense_w2v2_aasist_s240,7.799999999999999,0.9766568333333332,89.03333333333333,7.666666666666664,0.9771562222222224,89.81666666666666,0.13333333333333464,3.1666666666666714,2.51666666666668
0,asvspoof2021la,deepfense_w2v2_aasist_s42,6.233333333333333,0.9824342222222222,84.76666666666667,5.883333333333332,0.9853435555555556,91.28333333333332,0.3500000000000014,9.0,2.833333333333357
0,asvspoof2021la,hf_ast_asv19,17.21666666666667,0.8989411666666666,70.33333333333334,17.349999999999998,0.8969950555555557,81.91666666666667,-0.1333333333333293,12.449999999999989,0.7333333333333343
0,asvspoof2021la,hf_w2v2_bisher,5.966666666666666,0.9870388333333332,94.08333333333331,7.299999999999998,0.9855653333333336,93.3,-1.3333333333333321,-0.04999999999998295,-0.5999999999999943
0,asvspoof2021la,hf_w2v2_mothecreator,0.6999999999999985,0.9991068888888887,98.59999999999998,0.6666666666666689,0.9957935555555556,97.0,0.03333333333332966,0.700000000000017,2.3333333333333286
0,asvspoof2021la,hf_xlsr_gustking,2.638888888888888,0.9970719629629631,92.47222222222223,3.516666666666668,0.9953773888888888,92.3,-0.87777777777778,4.888888888888886,4.183333333333337
0,asvspoof2021la,hf_xlsr_stafford,10.716666666666663,0.9370076111111111,67.29444444444445,8.299999999999999,0.980001722222222,90.3,2.4166666666666643,21.98888888888888,1.4000000000000057
0,asvspoof2021la,ssl_aasist_wavefake,11.716666666666669,0.9579522777777778,77.08333333333334,11.566666666666668,0.9592776666666668,88.71666666666667,0.15000000000000036,11.199999999999989,-0.28333333333333144
0,dataset2,deepfense_w2v2_aasist_s2,34.496616547287594,0.7169323604920224,66.33685630762312,34.719559347731675,0.7058837754952947,65.19001574094897,-0.22294280044408055,-0.833472854910724,0.09042491131936004
0,dataset2,deepfense_w2v2_aasist_s240,27.455042111530293,0.7855595436274968,72.40836519001574,24.93825638958336,0.803399318654908,74.63458511355971,2.5167857219469347,0.13659269845396693,0.42715849685693286
0,dataset2,deepfense_w2v2_aasist_s42,42.91316513005823,0.5854804972354,46.12098043624916,42.703012222037394,0.5884138752524081,56.06026534742523,0.21015290802083797,10.965854433692606,1.2367224305373767
0,dataset2,hf_ast_asv19,41.87720408094707,0.5954835287636991,47.605127051945125,43.98492573565154,0.5759547593982437,56.68990330559927,-2.10772165470447,10.517668867107808,-0.6748290412508098
0,dataset2,hf_w2v2_bisher,41.44791296073463,0.622601844577713,51.31549359118507,27.61406580561549,0.7926485236376235,67.48369687429728,13.833847155119138,7.236593448080306,4.902237320087224
0,dataset2,hf_w2v2_mothecreator,48.97656576008186,0.5271706289024856,50.41601079379356,49.178542850794166,0.526431567397269,50.66336856307623,-0.20197709071230463,0.607423446124578,0.15808858612960108
0,dataset2,hf_xlsr_gustking,49.91384024210132,0.4862391955427494,50.32606251405442,49.51755594869635,0.5120364625262223,53.81155835394648,0.3962842934049746,-0.2399027561557432,-3.3291143026428287
0,dataset2,hf_xlsr_stafford,41.2487791926259,0.6482692901056556,58.69874821977364,42.9049893127497,0.615549999777391,58.60130425005622,-1.656210120123795,0.052472587600455256,-1.506293562805915
0,dataset2,ssl_aasist_wavefake,33.97761404556845,0.7340157712325368,66.876545986058,32.92170926388907,0.7446613329577314,67.9784124128626,1.0559047816793807,-0.8541600316264635,-0.9001216767516667
0,in_the_wild,deepfense_w2v2_aasist_s2,8.599999999999998,0.973828388888889,90.05,8.149999999999999,0.9738651666666668,88.3,0.4499999999999993,1.3500000000000085,3.549999999999997
0,in_the_wild,deepfense_w2v2_aasist_s240,6.766666666666666,0.980823611111111,75.58333333333334,6.6999999999999975,0.9817469444444444,91.73333333333332,0.0666666666666682,17.64999999999999,1.566666666666677
0,in_the_wild,deepfense_w2v2_aasist_s42,14.499999999999998,0.930743277777778,51.13333333333333,12.133333333333333,0.947053,88.23333333333333,2.3666666666666654,34.36666666666667,-0.36666666666666003
0,in_the_wild,hf_ast_asv19,37.516666666666666,0.687503388888889,52.6,41.48333333333334,0.6399595,59.1,-3.9666666666666757,9.883333333333333,-0.5833333333333428
0,in_the_wild,hf_w2v2_bisher,21.350000000000005,0.8295233888888888,53.29999999999999,21.53333333333333,0.8594835000000001,69.63333333333334,-0.18333333333332646,25.35,8.833333333333329
0,in_the_wild,hf_w2v2_mothecreator,10.333333333333336,0.9495957222222223,89.06666666666668,10.350000000000003,0.9380455555555556,87.73333333333333,-0.016666666666667496,0.5999999999999801,1.9166666666666572
0,in_the_wild,hf_xlsr_gustking,12.65,0.9412599814814814,79.9888888888889,9.833333333333336,0.956848,75.06666666666668,2.8166666666666647,7.3611111111111,15.09999999999998
0,in_the_wild,hf_xlsr_stafford,38.99444444444444,0.6651539444444444,67.43888888888888,32.43333333333334,0.7587888333333334,69.89999999999999,6.561111111111103,-6.433333333333323,-2.3333333333333286
0,in_the_wild,ssl_aasist_wavefake,4.566666666666666,0.9862182222222222,80.88333333333333,4.316666666666666,0.9876774444444444,95.33333333333334,0.25,14.550000000000011,0.3499999999999943
1,arabic,deepfense_w2v2_aasist_s2,25.537678339818413,0.8129848249027238,59.156193895870736,26.646303501945525,0.8032744487678339,72.10053859964093,-1.1086251621271117,15.306127764310851,1.2531578984135479
1,arabic,deepfense_w2v2_aasist_s240,24.665175097276265,0.8253889753566797,58.83303411131059,23.178664072632944,0.8369021400778209,77.75583482944344,1.4865110246433204,16.50179079141315,-0.9344989020763848
1,arabic,deepfense_w2v2_aasist_s42,32.634046692607,0.7323675745784696,53.84201077199282,28.36621271076524,0.7691867055771724,72.11849192100539,4.267833981841761,13.523942535400181,-0.48470463177062584
1,arabic,hf_ast_asv19,32.25038910505836,0.7392228274967574,53.87791741472172,31.903307392996105,0.7444957846952011,68.50987432675045,0.3470817120622556,13.871693480219918,-0.4131817197465608
1,arabic,hf_w2v2_mothecreator,48.58573281452658,0.5062920233463035,49.78456014362657,48.599610894941634,0.5194983787289235,51.526032315978455,-0.013878080415054228,1.6297070418468493,-0.12564321092008868
1,arabic,hf_xlsr_stafford,40.76964980544747,0.6426538261997405,60.03590664272891,43.68158236057069,0.6126407263294422,56.67863554757631,-2.911932555123215,-0.8055564481763824,-0.36021790814699983
1,arabic,ssl_aasist_wavefake,22.30894941634241,0.8558640077821013,59.2100538599641,22.784111543450063,0.8564228923476005,77.30700179533213,-0.4751621271076516,18.480996723693487,-0.09111333878219341
1,asvspoof2019,ssl_aasist_wavefake,0.57403100775194,0.9993218992248062,89.31899641577061,0.5186046511627891,0.999272739018088,99.35483870967742,0.05542635658915096,10.106972576477446,0.1265566391597872
1,dataset2,deepfense_w2v2_aasist_s2,34.69654968367277,0.7124114775523221,66.06701146840567,35.14754517037878,0.6977770681276286,64.40296829323138,-0.450995486706006,-0.763561152078438,0.44948653638984126
1,dataset2,deepfense_w2v2_aasist_s240,27.54708076776591,0.7842010223009583,71.84618844164605,25.860191095563568,0.7978714340585931,72.52080053968967,1.6868896722023408,0.6067307905880455,1.6190083647467617
1,dataset2,deepfense_w2v2_aasist_s42,43.0670789383256,0.5848932145168516,46.07600629637958,43.129976067520914,0.5873818806889219,55.13829548009894,-0.06289712919531354,10.856914765294817,1.7317284523801462
1,dataset2,hf_ast_asv19,41.87720408094707,0.5954835287636991,47.60512705194513,44.00691342254688,0.5760596891327603,56.42005846638183,-2.1297093415998134,10.517668867107801,-0.42697188892871196
1,dataset2,hf_w2v2_mothecreator,48.97656576008186,0.5271884376134547,50.41601079379356,50.48346602846723,0.5238481912623179,51.472903080728585,-1.5069002683853654,0.607423446124578,-1.956369109195812
1,dataset2,hf_xlsr_stafford,41.174124266756685,0.6482313116803693,58.66876545986058,43.129976067520914,0.6197635812670169,61.41218799190465,-1.9558518007642292,0.15711027338273453,-4.542164059425566
1,dataset2,ssl_aasist_wavefake,33.95562635867311,0.7331694527180748,66.74162356644929,32.966706614843325,0.7437741353567267,68.20328311221047,0.9889197438297828,-0.6972499251223923,-1.169989727053803
1,in_the_wild,deepfense_w2v2_aasist_s2,8.85,0.9714745555555556,90.15,8.833333333333332,0.9724945,88.56666666666668,0.016666666666667496,1.0,2.5999999999999943
1,in_the_wild,deepfense_w2v2_aasist_s240,7.166666666666664,0.9775863888888888,75.7,7.066666666666664,0.9779962222222224,89.4,0.10000000000000053,17.13333333333334,3.5333333333333314
1,in_the_wild,deepfense_w2v2_aasist_s42,15.350000000000003,0.9258470555555556,50.95,12.96666666666667,0.943245722222222,86.11666666666666,2.383333333333333,33.69999999999999,0.9166666666666714
1,in_the_wild,hf_ast_asv19,38.23333333333333,0.6799382222222222,52.583333333333336,42.333333333333336,0.6302173888888889,58.333333333333336,-4.1000000000000085,9.183333333333337,-0.6666666666666714
1,in_the_wild,hf_w2v2_mothecreator,10.066666666666668,0.954523,89.31666666666666,10.083333333333332,0.9465137777777776,87.88333333333334,-0.016666666666663943,0.6166666666666742,2.0333333333333314
1,in_the_wild,hf_xlsr_stafford,39.38333333333334,0.6586081111111111,67.03333333333333,32.666666666666664,0.7591277777777777,69.81666666666668,6.716666666666676,-6.416666666666671,-2.4833333333333343
1,in_the_wild,ssl_aasist_wavefake,4.733333333333335,0.9852120555555556,80.88333333333333,4.700000000000002,0.986552722222222,95.25,0.033333333333333215,14.38333333333334,0.04999999999999716
2,arabic,deepfense_w2v2_aasist_s2,25.6014915693904,0.815356485084306,58.92280071813285,26.17671854734112,0.8072474059662775,73.016157989228,-0.5752269779507202,15.475707712476748,0.8071234634308695
2,arabic,deepfense_w2v2_aasist_s240,24.003891050583658,0.8262322308690013,58.85098743267505,22.820233463035017,0.8399443579766537,77.03770197486534,1.183657587548641,17.14512151674129,0.14206456209964813
2,arabic,deepfense_w2v2_aasist_s42,33.186964980544744,0.7264609597924773,53.931777378815084,29.372049286640724,0.7593898832684826,71.18491921005386,3.8149156939040196,12.881257640640172,-0.5569684966945943
2,arabic,hf_ast_asv19,32.333722438391696,0.7374952658884566,53.87791741472172,32.10058365758754,0.7410471465629053,68.00718132854578,0.23313878080415407,13.788360146886575,-0.10776498613333274
2,arabic,hf_w2v2_mothecreator,48.76634241245136,0.5064880025940337,49.67684021543985,48.78022049286641,0.5165434500648508,51.23877917414722,-0.013878080415054228,1.5568173721087888,-0.018999667013630983
2,arabic,hf_xlsr_stafford,40.52237354085603,0.6398837872892348,60.269299820466784,44.848573281452666,0.591830804150454,55.13464991023339,-4.3261997405966355,-0.7916733613228146,0.016776808313942126
2,arabic,ssl_aasist_wavefake,22.089494163424124,0.8558620622568094,59.06642728904848,22.603501945525288,0.8558917639429311,77.55834829443447,-0.5140077821011637,18.844078547527403,-0.16185023995976167
2,asvspoof2019,ssl_aasist_wavefake,0.5379844961240294,0.9995269379844962,89.39068100358423,0.5713178294573646,0.9994766149870802,97.078853046595,-0.03333333333333521,10.07133450029174,2.3498291239476288
2,dataset2,deepfense_w2v2_aasist_s2,34.58354531770538,0.7127081544873297,66.62918821677536,35.03454080441138,0.6985228078994585,65.1225545311446,-0.45099548670599887,-1.2127335344807477,-0.15709533555597943
2,dataset2,deepfense_w2v2_aasist_s240,27.47907375275276,0.7844272738789517,71.66629188216776,26.221191880361083,0.7959517359648132,73.42028333708119,1.2578818723916783,0.854634365079491,0.3585247825577227
2,dataset2,deepfense_w2v2_aasist_s42,43.19593912820693,0.5857627045927452,45.80616145716213,42.38803076535768,0.592366700786538,57.11715763436024,0.8079083628492469,10.997899414630936,0.4948116002820768
2,dataset2,hf_ast_asv19,41.87720408094707,0.5954835287636991,47.60512705194513,43.98492573565154,0.5761534884229212,56.55498088599056,-2.10772165470447,10.517668867107801,-0.5399066216420962
2,dataset2,hf_w2v2_mothecreator,48.97656576008186,0.5271683016277566,50.41601079379356,49.40455158272895,0.5256585074438389,51.33798066111985,-0.42798582264708784,0.607423446124578,-0.7425322438487996
2,dataset2,hf_xlsr_stafford,41.174124266756685,0.6482283772904937,58.66876545986058,42.79198494678232,0.6186439597506943,60.69260175399146,-1.617860680025636,0.15711027338273453,-3.4845867007737823
2,dataset2,ssl_aasist_wavefake,33.79762464175147,0.7340395499091148,66.78659770631886,33.07868900364714,0.7439811616217422,68.04587362266696,0.7189356381043268,-0.5842223480703268,-1.124562626314102
2,in_the_wild,deepfense_w2v2_aasist_s2,8.333333333333334,0.9750708333333332,90.33333333333331,7.883333333333334,0.9750478333333332,88.58333333333334,0.4500000000000002,1.333333333333357,3.5333333333333172
2,in_the_wild,deepfense_w2v2_aasist_s240,6.716666666666668,0.982549777777778,75.94999999999999,6.68333333333333,0.9826388333333332,91.01666666666668,0.033333333333337656,17.333333333333343,2.299999999999983
2,in_the_wild,deepfense_w2v2_aasist_s42,14.866666666666664,0.9292361666666666,51.0,12.83333333333333,0.943932,85.71666666666667,2.033333333333333,34.13333333333334,1.4500000000000028
2,in_the_wild,hf_ast_asv19,38.85,0.6759082222222222,52.28333333333334,42.46666666666666,0.6268890555555555,57.9,-3.61666666666666,8.86666666666666,-0.36666666666666003
2,in_the_wild,hf_w2v2_mothecreator,10.1,0.950813,89.53333333333333,10.066666666666668,0.9389658333333332,87.61666666666666,0.03333333333333144,0.36666666666667425,2.316666666666677
2,in_the_wild,hf_xlsr_stafford,39.4,0.6643747222222223,67.45,30.633333333333333,0.7832468333333333,72.26666666666667,8.766666666666666,-6.850000000000001,-2.8999999999999915
2,in_the_wild,ssl_aasist_wavefake,4.599999999999999,0.9863308333333332,81.41666666666667,4.433333333333334,0.9876662777777778,95.31666666666668,0.1666666666666652,13.983333333333334,0.2499999999999858
3,arabic,deepfense_w2v2_aasist_s42,32.74811932555123,0.7310036316472114,53.87791741472172,29.533203631647208,0.7565920881971466,71.49012567324955,3.2149156939040218,13.373963259727049,-1.0233293048967624
3,arabic,hf_ast_asv19,32.50038910505836,0.7349804150453956,53.87791741472172,32.3701037613489,0.7364739299610895,67.71992818671454,0.13028534370945977,13.621693480219918,-0.09003194806344084
3,arabic,hf_w2v2_mothecreator,48.949675745784695,0.5053974059662776,49.64093357271095,48.941374837872885,0.5198643320363165,50.987432675044886,0.00830090791180993,1.4093906815043553,0.0711924870822287
3,arabic,hf_xlsr_stafford,40.30285343709468,0.6444507133592737,60.3770197486535,44.14837872892348,0.5988546692607004,56.050269299820464,-3.8455252918287997,-0.6798731857481854,-0.19864802874394627
3,arabic,ssl_aasist_wavefake,21.80881971465629,0.8595249027237353,59.06642728904848,22.63962386511025,0.8595400778210118,77.93536804308798,-0.8308041504539574,19.12475299629523,-0.5749919081982284
3,dataset2,deepfense_w2v2_aasist_s42,42.94283282355898,0.5870409855340651,45.91859680683607,41.80306520295253,0.6047230118091991,59.18596806836069,1.1397676206064489,11.138570369604949,-0.9890332713132182
3,dataset2,hf_ast_asv19,41.87720408094707,0.5954835287636991,47.60512705194513,43.96293804875621,0.5763070885550295,56.73487744546885,-2.0857339678091407,10.517668867107801,-0.6978154942250541
3,dataset2,hf_w2v2_mothecreator,48.97656576008186,0.5271632423348678,50.41601079379356,49.56153132248702,0.5255470006285665,50.75331684281538,-0.5849655624051593,0.607423446124578,-0.3148481653024007
3,dataset2,hf_xlsr_stafford,41.174124266756685,0.6482308057510804,58.66876545986058,42.23002904843605,0.6281062540550233,61.99685181020913,-1.0559047816793665,0.15711027338273453,-4.226880858645181
3,dataset2,ssl_aasist_wavefake,33.95562635867311,0.7346680152717792,66.67416235664493,32.98767232457509,0.7437164594177927,68.06836069260176,0.967954034098021,-0.6297887153180284,-1.0560330171768442
3,in_the_wild,deepfense_w2v2_aasist_s42,14.983333333333333,0.92957,51.016666666666666,12.183333333333334,0.9473575,88.26666666666667,2.799999999999999,34.0,-0.45000000000000284
3,in_the_wild,hf_ast_asv19,37.73333333333333,0.6812880555555556,52.43333333333333,41.03333333333333,0.6380452222222222,59.18333333333333,-3.3000000000000043,9.833333333333343,-0.21666666666666146
3,in_the_wild,hf_w2v2_mothecreator,10.066666666666668,0.9512248888888888,89.46666666666667,10.066666666666668,0.9370507777777776,87.11666666666666,0.0,0.46666666666666856,2.816666666666677
3,in_the_wild,hf_xlsr_stafford,39.516666666666666,0.6637230000000001,67.65,31.200000000000006,0.7695394444444443,71.21666666666667,8.31666666666666,-7.166666666666671,-2.4166666666666714
3,in_the_wild,ssl_aasist_wavefake,4.716666666666667,0.9876184444444444,81.36666666666666,4.549999999999999,0.988808,95.6,0.16666666666666785,13.916666666666671,-0.14999999999999147
4,arabic,deepfense_w2v2_aasist_s42,32.50045395590143,0.7330527237354086,53.91382405745063,28.84967574578469,0.7642656290531777,71.63375224416517,3.650778210116737,13.585721986647933,-0.4834279899498597
4,arabic,hf_ast_asv19,31.800389105058365,0.7412809987029831,53.87791741472172,31.580998702983138,0.7481998054474709,68.77917414721723,0.2193904020752271,14.321693480219906,-0.36017285020037093
4,arabic,hf_w2v2_mothecreator,49.16634241245136,0.50369046692607,49.47935368043088,49.29980544747082,0.5201258754863813,51.077199281867145,-0.1334630350194601,1.3543039071177603,-0.3770047293379619
4,arabic,hf_xlsr_stafford,40.35564202334631,0.6419780155642023,60.44883303411132,41.742153047989625,0.636010700389105,58.20466786355476,-1.3865110246433119,-0.8044750574576298,0.053179088455614476
4,arabic,ssl_aasist_wavefake,22.753566796368357,0.8549860570687419,59.26391382405745,22.981387808041504,0.8555075875486382,76.84021543985638,-0.2278210116731465,17.982519379574192,0.1783967521021168
4,dataset2,deepfense_w2v2_aasist_s42,43.49199882948199,0.5813500905208684,46.00854508657522,42.40899647508945,0.5881782133896412,56.06026534742523,1.0830023543925407,10.499456083942789,1.5307381774853184
4,dataset2,hf_ast_asv19,41.87720408094707,0.5954835287636991,47.60512705194513,44.09690812445537,0.5754814119555542,56.71239037553407,-2.219704043508301,10.517668867107801,-0.8092984999894384
4,dataset2,hf_w2v2_mothecreator,48.97656576008186,0.527189651843748,50.41601079379356,49.066560461990335,0.5268737495957625,51.02316168203284,-0.08999470190847347,0.607423446124578,-0.08972214402317746
4,dataset2,hf_xlsr_stafford,41.174124266756685,0.648230502193507,58.66876545986058,43.3099654713379,0.6114674539735889,59.86058016640432,-2.1358412045812116,0.15711027338273453,-3.170545637742215
4,dataset2,ssl_aasist_wavefake,34.11260609843117,0.7336912681866402,66.74162356644929,33.05567933958824,0.7442017467916999,68.1583089723409,1.056926758842934,-0.8542296648804637,-1.2139883119291426
4,in_the_wild,deepfense_w2v2_aasist_s42,15.166666666666668,0.9304386666666666,51.28333333333334,12.266666666666667,0.9483656111111112,85.56666666666666,2.9000000000000004,33.54999999999999,2.1666666666666714
4,in_the_wild,hf_ast_asv19,38.28333333333334,0.6768501666666666,52.5,42.25,0.6292687222222222,58.116666666666674,-3.9666666666666615,9.216666666666661,-0.36666666666667425
4,in_the_wild,hf_w2v2_mothecreator,10.65,0.9487936111111112,89.11666666666666,10.666666666666668,0.9309615555555556,88.66666666666667,-0.016666666666667496,0.23333333333333428,0.6666666666666572
4,in_the_wild,hf_xlsr_stafford,39.35,0.6584646111111111,66.81666666666666,34.18333333333333,0.7335186111111112,67.81666666666666,5.166666666666671,-6.166666666666664,-2.0
4,in_the_wild,ssl_aasist_wavefake,5.016666666666668,0.9848756111111112,81.43333333333334,4.8,0.9858989444444444,95.03333333333332,0.21666666666666856,13.549999999999997,0.16666666666668561
5,arabic,deepfense_w2v2_aasist_s42,33.650907911802854,0.7243164072632945,53.94973070017953,29.92775616083009,0.7522535019455253,70.59245960502693,3.7231517509727645,12.399361388017624,-0.5202157658570172
5,arabic,hf_ast_asv19,31.567055771725038,0.7407269130998702,53.87791741472172,31.472632944228277,0.7457469520103762,68.34829443447038,0.09442282749676068,14.55502681355324,0.17907262130134427
5,arabic,hf_w2v2_mothecreator,49.5026588845655,0.5016490920881971,49.56912028725314,49.56932555123217,0.5133845654993515,50.70017953321364,-0.06666666666666998,0.9282208281813595,-0.2695050844458109
5,arabic,hf_xlsr_stafford,40.59461738002594,0.6390203631647211,60.14362657091562,44.273411154345006,0.6027332036316472,55.79892280071813,-3.678793774319068,-0.738243950941559,-0.07233395506313656
5,arabic,ssl_aasist_wavefake,22.511802853437096,0.8558837224383917,59.03052064631957,23.106420233463037,0.8570004539559013,76.94793536804309,-0.5946173800259409,18.457676500243323,-0.05435560150613128
5,dataset2,deepfense_w2v2_aasist_s42,43.0348714797946,0.5842296376615381,45.98605801664043,42.25303871249496,0.5965108687777274,56.89228693501237,0.7818327672996404,10.97907050356497,0.8546743524926654
5,dataset2,hf_ast_asv19,41.87720408094707,0.5954835287636991,47.60512705194513,43.9399283846973,0.5758390027769447,56.75736451540365,-2.0627243037502367,10.517668867107801,-0.6972929001009547
5,dataset2,hf_w2v2_mothecreator,48.97656576008186,0.5271659743530277,50.41601079379356,49.74152072630399,0.5260202468853982,51.31549359118507,-0.7649549662221276,0.607423446124578,-1.057014317489056
5,dataset2,hf_xlsr_stafford,41.174124266756685,0.6482266571309114,58.66876545986058,42.79198494678232,0.618192063709854,59.34337755790421,-1.617860680025636,0.15711027338273453,-2.135362504686533
5,dataset2,ssl_aasist_wavefake,33.82063430581037,0.734440751835208,66.65167528671014,33.09965471337892,0.7438374777036962,67.91095120305825,0.7209795924314548,-0.4723095925205172,-1.0106059164371715
5,in_the_wild,deepfense_w2v2_aasist_s42,14.849999999999996,0.9270747777777778,50.96666666666667,12.9,0.9424382777777778,86.1,1.9499999999999957,34.18333333333334,1.0
5,in_the_wild,hf_ast_asv19,38.4,0.681602,52.35,42.1,0.6348521111111111,58.58333333333333,-3.700000000000003,9.25,-0.68333333333333
5,in_the_wild,hf_w2v2_mothecreator,10.466666666666663,0.9480461666666666,89.1,10.499999999999998,0.9471721666666666,86.86666666666667,-0.03333333333333499,0.4333333333333371,2.6333333333333258
5,in_the_wild,hf_xlsr_stafford,39.06666666666667,0.6663064444444443,67.43333333333334,32.36666666666667,0.7591633333333334,70.03333333333333,6.700000000000003,-6.500000000000007,-2.4000000000000057
5,in_the_wild,ssl_aasist_wavefake,4.866666666666669,0.984112,81.03333333333333,4.600000000000002,0.9854043333333332,95.01666666666668,0.2666666666666666,14.099999999999994,0.38333333333331154
6,arabic,deepfense_w2v2_aasist_s42,32.33962386511025,0.7358141374837873,53.82405745062837,28.29396887159533,0.7706140077821011,72.06463195691202,4.045654993514919,13.836318684261386,-0.358600828507349
6,arabic,hf_ast_asv19,32.2837224383917,0.737756549935149,53.87791741472172,32.297859922178986,0.7428167315175097,67.86355475763017,-0.014137483787287408,13.838360146886586,-0.16141467980915536
6,arabic,hf_w2v2_mothecreator,48.83300907911803,0.508094682230869,49.83842010771993,48.79688715953308,0.5242322308690013,51.25673249551167,0.036121919584950035,1.3285708131620453,-0.053619655044748527
6,arabic,hf_xlsr_stafford,40.76964980544747,0.6394454604409857,60.28725314183124,44.25674448767834,0.5917912451361867,56.37342908438061,-3.487094682230868,-1.056902947278715,-0.6301735720589505
6,arabic,ssl_aasist_wavefake,22.014461738002595,0.8582575226977951,59.19210053859965,22.439559014267186,0.8598750972762645,77.89946140035907,-0.4250972762645908,18.79343772339776,-0.33902041462626187
6,dataset2,deepfense_w2v2_aasist_s42,42.54909841377002,0.5820487788688311,45.94108387677085,42.63602718418781,0.587339281442797,54.19383854283787,-0.08692877041779212,11.509817709459135,3.170134272974323
6,dataset2,hf_ast_asv19,41.87720408094707,0.5954835287636991,47.60512705194513,43.96293804875621,0.5759173206308654,56.62244209579492,-2.0857339678091407,10.517668867107801,-0.5853801445511309
6,dataset2,hf_w2v2_mothecreator,48.97656576008186,0.5271698194156234,50.41601079379356,49.066560461990335,0.5272664519098021,51.09062289183719,-0.08999470190847347,0.607423446124578,-0.15718335382752713
6,dataset2,hf_xlsr_stafford,41.174124266756685,0.6482266571309114,58.66876545986058,43.26496812038364,0.6105417045607704,59.14099392849111,-2.090843853626957,0.15711027338273453,-2.4059620488747555
6,dataset2,ssl_aasist_wavefake,33.77563695485613,0.7342925145535619,66.60670114684056,32.96568463767975,0.7451599768648655,68.09084776253654,0.809952317176382,-0.38233810169670335,-1.056532400216284
6,in_the_wild,deepfense_w2v2_aasist_s42,15.566666666666665,0.9261361666666666,51.03333333333333,13.133333333333336,0.9403805,85.18333333333334,2.4333333333333282,33.400000000000006,1.683333333333323
6,in_the_wild,hf_ast_asv19,38.366666666666674,0.6761056111111111,52.46666666666666,42.08333333333334,0.62689,57.99999999999999,-3.7166666666666686,9.166666666666664,-0.0833333333333357
6,in_the_wild,hf_w2v2_mothecreator,10.45,0.9486745555555556,89.25,10.533333333333331,0.9354311666666666,87.91666666666667,-0.08333333333333215,0.29999999999999716,1.5499999999999972
6,in_the_wild,hf_xlsr_stafford,38.96666666666667,0.6643831666666667,67.36666666666666,32.86666666666667,0.7600141666666665,70.16666666666667,6.100000000000001,-6.333333333333329,-3.0333333333333456
6,in_the_wild,ssl_aasist_wavefake,4.983333333333332,0.9851043333333334,81.28333333333333,4.700000000000002,0.9870877222222222,95.25,0.28333333333332966,13.733333333333334,0.04999999999999716
7,arabic,deepfense_w2v2_aasist_s42,32.65901426718547,0.728179896238651,53.87791741472172,29.04974059662776,0.7582889753566797,70.98743267504489,3.609273670557709,13.463068318092809,-0.03717327167264273
7,arabic,hf_ast_asv19,32.117055771725035,0.7390331387808041,53.87791741472172,32.047795071335926,0.741483852140078,68.27648114901257,0.06926070038910837,14.005026813553243,-0.32427622034849435
7,arabic,hf_w2v2_mothecreator,48.7996757457847,0.5061662775616083,49.6229802513465,48.67185473411154,0.5314072632944228,51.633752244165166,0.12782101167315574,1.5773440028688057,-0.3056069782767068
7,arabic,hf_xlsr_stafford,40.77522697795072,0.6375682230869001,59.67684021543985,45.36815823605706,0.5833704928664072,56.157989228007175,-4.59293125810634,-0.452067193390576,-1.5261474640642376
7,arabic,ssl_aasist_wavefake,22.2784046692607,0.8574623216601815,59.28186714542191,22.62016861219196,0.8581376134889753,77.41472172351885,-0.3417639429312622,18.439728185317392,-0.03489033571081279
7,dataset2,deepfense_w2v2_aasist_s42,43.91691872063839,0.5824398622091463,46.21092871598831,43.37797248635104,0.5840260517156872,55.04834720035979,0.5389462342873514,9.872152563373298,1.5736803132891666
7,dataset2,hf_ast_asv19,41.87720408094707,0.5954835287636991,47.60512705194513,44.02992308660578,0.5760847832254894,56.73487744546885,-2.15271900565871,10.517668867107801,-0.7648005320746236
7,dataset2,hf_w2v2_mothecreator,48.97656576008186,0.5271685039994722,50.41601079379356,50.0565021829837,0.5251440785428912,51.13559703170677,-1.079936422901838,0.607423446124578,-1.1920992146904723
7,dataset2,hf_xlsr_stafford,41.174124266756685,0.6482288832197826,58.66876545986058,42.38803076535768,0.6221859707022419,59.99550258601304,-1.2139064986009984,0.15711027338273453,-2.3835333513707226
7,dataset2,ssl_aasist_wavefake,33.75262729079723,0.7341191831791868,66.62918821677536,33.05465736242468,0.7443121405625368,67.7985158533843,0.6979699283725509,-0.38181550757258265,-0.8531732158089795
7,in_the_wild,deepfense_w2v2_aasist_s42,15.266666666666664,0.9276037222222224,51.13333333333333,12.5,0.9447383333333336,87.51666666666667,2.766666666666664,33.6,-0.01666666666666572
7,in_the_wild,hf_ast_asv19,38.366666666666674,0.6776282222222222,52.583333333333336,41.73333333333333,0.6328777777777778,58.15,-3.366666666666653,9.04999999999999,0.11666666666667425
7,in_the_wild,hf_w2v2_mothecreator,10.333333333333334,0.950179611111111,89.11666666666666,10.350000000000003,0.9458816111111112,87.3,-0.016666666666669272,0.5500000000000114,2.3499999999999943
7,in_the_wild,hf_xlsr_stafford,39.03333333333334,0.6634583333333334,67.26666666666667,32.28333333333333,0.7573660555555557,70.66666666666667,6.750000000000007,-6.300000000000004,-2.950000000000003
7,in_the_wild,ssl_aasist_wavefake,4.933333333333334,0.9864294444444444,80.75,4.666666666666665,0.9876289444444444,95.21666666666668,0.2666666666666684,14.316666666666663,0.11666666666664582
8,arabic,deepfense_w2v2_aasist_s42,32.95629053177691,0.7319950713359273,53.87791741472172,28.580155642023342,0.7637794422827497,72.02872531418313,4.3761348897535655,13.165792053501363,-0.6088809562064768
8,arabic,hf_ast_asv19,31.9837224383917,0.7443802853437095,53.87791741472172,31.650453955901423,0.7469559662775616,68.29443447037701,0.33326848249027563,14.138360146886583,0.05511157372156106
8,arabic,hf_w2v2_mothecreator,48.235732814526585,0.5138204280155642,50.16157989228007,47.98832684824903,0.5327817769130999,52.42369838420108,0.2474059662775545,1.6026872931933411,-0.41202523245011236
8,arabic,hf_xlsr_stafford,39.62211413748379,0.6523323605706874,60.73608617594255,41.05862516212711,0.6487509079118029,59.13824057450629,-1.4365110246433161,-0.3582003134263445,-0.19686573663339857
8,arabic,ssl_aasist_wavefake,22.33119325551232,0.8550691309987031,59.22800718132854,22.80077821011673,0.8564367704280156,77.36086175942549,-0.4695849546044073,18.44079956315914,-0.1616399695422217
8,dataset2,deepfense_w2v2_aasist_s42,42.96686446478145,0.5880207681949374,46.09849336631437,42.43302811631193,0.5965602474763235,55.767933438273,0.5338363484695208,10.934642168904176,1.7990384454150714
8,dataset2,hf_ast_asv19,41.87720408094707,0.5954835287636991,47.60512705194513,44.07492043756002,0.5760690994175338,56.599955025860126,-2.1977163566129505,10.517668867107801,-0.6748754634201433
8,dataset2,hf_w2v2_mothecreator,48.97656576008186,0.5271661767247433,50.41601079379356,49.26955952986623,0.5269441749527766,51.67528671014166,-0.292993769784367,0.607423446124578,-0.944846240007891
8,dataset2,hf_xlsr_stafford,41.174124266756685,0.6482289844056404,58.66876545986058,42.85999196179546,0.6268774529981572,59.50078704744772,-1.6858676950387732,0.15711027338273453,-2.3607790092431813
8,dataset2,ssl_aasist_wavefake,33.79762464175147,0.7348635063490079,66.65167528671014,32.89869959983017,0.7445921218310106,68.18079604227569,0.8989250419213022,-0.44929992846161326,-1.0794956421058544
8,in_the_wild,deepfense_w2v2_aasist_s42,15.166666666666668,0.9252706666666668,51.24999999999999,13.0,0.9409693333333332,86.08333333333333,2.166666666666668,33.583333333333336,0.9166666666666714
8,in_the_wild,hf_ast_asv19,37.83333333333333,0.6772633888888888,52.33333333333333,41.86666666666666,0.6284003888888889,58.61666666666666,-4.033333333333331,9.833333333333343,-0.48333333333332007
8,in_the_wild,hf_w2v2_mothecreator,10.599999999999998,0.9490171666666666,89.21666666666667,10.599999999999998,0.9472038333333336,87.26666666666667,0.0,0.18333333333333712,2.13333333333334
8,in_the_wild,hf_xlsr_stafford,40.45,0.6550279444444445,67.06666666666666,32.31666666666667,0.7620967222222224,70.21666666666667,8.133333333333333,-7.516666666666666,-2.5333333333333314
8,in_the_wild,ssl_aasist_wavefake,4.966666666666665,0.9842867222222222,81.48333333333333,4.733333333333334,0.9854607222222224,95.13333333333334,0.23333333333333073,13.549999999999997,0.13333333333332575
9,arabic,deepfense_w2v2_aasist_s42,32.41750972762646,0.7317592736705577,53.85996409335727,28.83300907911803,0.7671279507133593,71.34649910233392,3.584500648508431,13.722526179016278,-0.17950818145195058
9,arabic,hf_ast_asv19,31.767055771725037,0.7396657587548638,53.87791741472172,32.17282749675746,0.7428741245136186,68.09694793536805,-0.40577172503242664,14.355026813553238,-0.26977543212551325
9,arabic,hf_w2v2_mothecreator,48.883009079118025,0.5090861219195849,50.16157989228007,48.81355382619974,0.5255837872892348,51.418312387791744,0.06945525291828858,0.9554110286019011,-0.23186621399148066
9,arabic,hf_xlsr_stafford,40.66686121919585,0.6382636186770427,59.51526032315978,44.45123216601816,0.601574448767834,56.6427289048474,-3.784370946822307,-0.18212154235563105,-1.0939610708655607
9,arabic,ssl_aasist_wavefake,22.05058365758755,0.8583743839169908,59.13824057450629,22.586835278858626,0.8591121919584954,77.4685816876122,-0.5362516212710773,18.811175767906157,-0.05541696647082972
9,dataset2,deepfense_w2v2_aasist_s42,42.22798509410893,0.5894174365898586,45.91859680683607,42.27604837655386,0.5996428746335554,56.91477400494716,-0.048063282444928745,11.853418099054998,0.8091776184989783
9,dataset2,hf_ast_asv19,41.87720408094707,0.5954835287636991,47.60512705194513,44.09690812445537,0.5761206030191433,56.71239037553407,-2.219704043508301,10.517668867107801,-0.8092984999894384
9,dataset2,hf_w2v2_mothecreator,48.97656576008186,0.52716496249445,50.41601079379356,49.60652867344126,0.5254235538820764,51.15808410164156,-0.6299629133593996,0.607423446124578,-0.7646127750828242
9,dataset2,hf_xlsr_stafford,41.174124266756685,0.6482321211672314,58.66876545986058,42.83800427490012,0.6180252082303768,59.34337755790421,-1.6638800081434368,0.15711027338273453,-2.181381832804334
9,dataset2,ssl_aasist_wavefake,33.685642252947645,0.7337543069760364,66.80908477625366,32.89869959983017,0.7437754507728778,67.88846413312345,0.7869426531174781,-0.4947270292013002,-0.7871637329536156
9,in_the_wild,deepfense_w2v2_aasist_s42,15.35,0.9292495555555556,51.03333333333333,12.466666666666669,0.9447885,87.21666666666667,2.883333333333331,33.616666666666674,0.3166666666666629
9,in_the_wild,hf_ast_asv19,37.68333333333334,0.6812573888888889,52.083333333333336,41.766666666666666,0.6338099444444444,58.5,-4.083333333333329,10.233333333333327,-0.2666666666666657
9,in_the_wild,hf_w2v2_mothecreator,10.866666666666667,0.946374,88.58333333333334,10.916666666666666,0.938547111111111,87.05000000000001,-0.049999999999998934,0.549999999999983,2.0333333333333172
9,in_the_wild,hf_xlsr_stafford,39.73333333333333,0.6596287777777778,67.33333333333333,33.0,0.7551966666666666,69.5,6.733333333333327,-7.066666666666656,-2.5
9,in_the_wild,ssl_aasist_wavefake,4.749999999999998,0.985718,80.98333333333333,4.616666666666669,0.9870235555555554,95.28333333333332,0.1333333333333293,14.266666666666666,0.10000000000000853
